"id","pobjects_id_fld","ftype","fieldlength","datascale","remark","persons_id_upd","update_ip","created_at","expiredate","updated_at","dataprecision","seqno","contents"
941,1485,char,1,0, from oracle,0,,2013-12-14 10:55:23,2099-12-31,2013-12-14 10:55:23,0,0,
1167,1624,varchar,4000,0, from oracle,0,,2013-12-22 21:01:14,2099-12-31,2013-12-22 21:01:14,0,0,
1168,1427,varchar,4000,0, from oracle,0,,2013-12-22 21:01:14,2099-12-31,2013-12-22 21:01:14,0,0,
763,1613,date,0,0,,0,"127.0.0.1",2013-11-29 18:58:02,2099-12-31,2015-03-25 22:11:26,0,100,有効日
5081,7959,varchar,30,0,,0,"127.0.0.1",2016-12-04 16:23:56,2000-01-01,2019-08-19 12:03:31,0,0,trndetailsのtree構造の親
12,107,numeric,0,0,"",0,"",2019-08-21 15:22:55,2099-12-31,2019-08-21 15:22:55,22,2,""
1202,4522,numeric,0,0,,0,,2013-12-26 23:06:52,2099-12-31,2013-12-26 23:06:52,38,0,
1264,4626,numeric,22,0, from oracle,0,,2014-01-04 10:23:07,2099-12-31,2014-01-04 10:23:07,38,0,
1265,4627,numeric,22,0, from oracle,0,,2014-01-04 10:23:08,2099-12-31,2014-01-04 10:23:08,38,0,
1266,4628,numeric,22,0, from oracle,0,,2014-01-04 10:23:08,2099-12-31,2014-01-04 10:23:08,38,0,
1271,1581,numeric,22,0, from oracle,0,,2014-01-04 10:23:08,2099-12-31,2014-01-04 10:23:08,38,0,carton数
1342,4702,numeric,22,0,,0,,2014-01-04 21:24:35,2099-12-31,2014-01-04 21:24:35,38,0,tblname が示すテーブルのid
1361,4561,numeric,22,0, from oracle,0,,2014-01-05 00:18:42,2099-12-31,2014-01-05 00:18:42,38,0,
1381,4761,numeric,22,0, from oracle,0,,2014-01-05 09:18:41,2099-12-31,2014-01-05 09:18:41,38,0,
1445,4872,numeric,0,0,,0,,2014-01-12 00:14:22,2099-12-31,2014-01-12 00:16:20,38,0,
1447,4874,numeric,0,0,,0,,2014-01-12 00:49:00,2099-12-31,2014-01-12 00:49:00,38,0,
1502,4985,numeric,22,4,,0,,2014-01-14 23:35:06,2099-12-31,2014-01-14 23:35:06,38,0,"xxxordsに引き継がれた金額
"
1503,4986,numeric,22,4,,0,,2014-01-14 23:35:06,2099-12-31,2014-01-14 23:35:06,38,0,
1504,4987,numeric,22,4,,0,,2014-01-14 23:35:06,2099-12-31,2014-01-14 23:35:06,38,0,
1505,4988,numeric,22,4,,0,,2014-01-14 23:35:06,2099-12-31,2014-01-14 23:35:06,38,0,
1512,4989,numeric,22,4,,0,,2014-01-14 23:35:06,2099-12-31,2014-01-14 23:35:06,38,0,
908,1463,timestamp(6),0,0,,0,"127.0.0.1",2013-12-11 22:53:45,2099-12-31,2015-03-25 22:05:43,0,0,納期
1545,5023,numeric,22,4,,0,,2014-01-18 18:34:06,2099-12-31,2014-01-18 18:34:06,38,0,
1562,5042,numeric,0,0,,0,,2014-01-19 20:48:09,2099-12-31,2014-01-19 20:48:09,38,0,
1563,5043,numeric,0,0,,0,,2014-01-19 20:49:08,2099-12-31,2014-01-19 20:49:08,38,0,
1581,5061,numeric,0,0,,0,,2014-01-21 00:12:12,2099-12-31,2014-01-21 00:12:12,38,0,"100"
1621,5101,numeric,22,0,,0,,2014-01-26 10:59:01,2099-12-31,2014-01-26 10:59:01,38,0,
1708,5353,numeric,0,0,,0,,2014-02-23 22:03:04,2099-12-31,2014-02-23 22:03:04,38,0,
1709,5354,numeric,0,0,,0,,2014-02-23 22:15:16,2099-12-31,2014-02-23 22:15:16,38,0,
1721,5363,numeric,0,0,,0,,2014-03-16 08:39:39,2099-12-31,2014-03-16 08:39:39,38,0,
1762,1599,numeric,22,0, from oracle,0,,2014-05-02 21:50:08,2099-12-31,2014-05-02 21:50:08,38,0,
1822,5763,numeric,38,0,,0,,2014-06-16 22:48:04,2099-12-31,2014-06-16 22:48:04,38,0,
1836,1493,numeric,22,0, from oracle,0,,2014-06-17 21:00:20,2099-12-31,2014-06-17 21:00:20,38,0,
1837,1545,numeric,22,0, from oracle,0,,2014-06-17 21:00:21,2099-12-31,2014-06-17 21:00:21,38,0,
1921,5963,numeric,22,3, from oracle,0,,2014-06-22 10:27:43,2099-12-31,2014-06-22 10:27:43,38,0,"千円/一時間単位
"
1922,5964,numeric,0,0,,0,,2014-06-22 10:42:54,2099-12-31,2014-06-22 10:42:54,38,0,
1942,5981,numeric,22,0, persons_id_chrg  -->chrgpersons_id,0,,2014-06-22 11:58:37,2099-12-31,2014-06-22 11:59:48,38,0,
1961,6015,numeric,22,0, from oracle,0,,2014-06-22 17:00:27,2099-12-31,2014-06-22 17:00:27,38,0,
1981,6042,numeric,22,4, ,0,,2014-06-26 00:07:52,2099-12-31,2014-06-26 00:07:52,38,0,
2001,6062,numeric,22,0,,0,,2014-06-26 22:48:04,2099-12-31,2014-06-26 22:48:04,38,0,makingの各設備，他人毎の必要時間の単位
1091,4393,numeric,0,0,,0,,2013-12-20 16:40:28,2099-12-31,2013-12-20 16:40:22,38,0,
1886,5844,numeric,0,6, from oracle,0,,2014-06-18 21:00:25,2099-12-31,2019-08-26 18:21:06,22,0,
21,18109,numeric,0,0,"",0,"",2019-10-29 14:33:18,2099-12-31,2019-10-29 14:33:18,22,0,""
22,18119,numeric,0,0,"",0,"",2019-10-29 14:44:19,2099-12-31,2019-10-29 14:44:19,22,0,""
30,18212,date,0,0,"",0,"",2019-12-08 20:15:43,2099-12-31,2019-12-08 20:15:43,0,10,""
31,18305,numeric,0,0,"",0,"",2019-12-15 20:32:18,2099-12-31,2019-12-15 20:32:18,22,10,""
32,18408,numeric,0,0,"",0,"",2019-12-18 11:32:21,2099-12-31,2019-12-18 11:32:21,22,10,""
33,18410,numeric,0,0,"",0,"",2019-12-18 11:36:03,2099-12-31,2019-12-18 11:36:03,22,10,""
64,18746,numeric,0,0,"",0,"",2020-01-21 10:21:38,2099-12-31,2020-01-21 10:21:38,22,10,""
28,18208,numeric,0,6,"",0,"",2019-12-01 17:09:23,2099-12-31,2020-03-11 00:47:32,22,15,""
29,18207,numeric,0,6,"",0,"",2019-12-01 17:09:25,2099-12-31,2020-03-11 00:48:04,22,16,""
961,1476,char,1,0, from oracle,0,"127.0.0.1",2013-12-15 00:46:12,2099-12-31,2019-07-25 00:00:00,0,0,"仮部品　装置との区別用
[0-9] : 部品、製品
F:仮部品
D:装置 M:金型 S:サービス
"
962,1616,char,3,0,,0,"127.0.0.1",2013-12-15 00:46:12,2099-12-31,2019-07-25 00:00:00,0,0,"con:消費材,出庫、消費時制限なし
BYP:副産物
DEV:装置
MET:金型
nil:対象外conを速成しない。"
766,1460,timestamp(6),0,0,,0,,2013-11-29 19:00:46,2099-12-31,2013-12-13 22:23:05,0,0,
767,1618,timestamp(6),0,0,,0,,2013-11-29 19:01:32,2099-12-31,2013-12-13 22:23:34,0,0,
909,1529,timestamp(6),0,0, from oracle,0,,2013-12-11 22:53:45,2099-12-31,2014-01-18 18:06:14,0,0,
910,1582,timestamp(6),0,0, from oracle,0,,2013-12-11 22:53:45,2099-12-31,2014-01-18 18:05:54,0,0,発行日
1267,4629,timestamp(6),0,0, from oracle,0,"127.0.0.1",2014-01-04 10:23:08,2000-01-01,2019-08-17 21:55:13,0,0,出庫日　出荷日　出発日
15,18002,numeric,0,0,"",0,"",2019-08-22 21:33:15,2099-12-31,2019-08-22 21:33:15,22,10,""
16,105,numeric,0,0,"",0,"",2019-08-22 21:33:21,2099-12-31,2019-08-22 21:33:21,22,10,""
17,18003,numeric,0,0,"",0,"",2019-08-22 21:33:22,2099-12-31,2019-08-22 21:33:22,22,10,""
23,18130,numeric,0,0,"",0,"",2019-10-29 21:48:34,2099-12-31,2019-10-29 21:48:34,22,0,""
24,18131,numeric,0,0,"",0,"",2019-10-29 21:48:35,2099-12-31,2019-10-29 21:48:35,22,0,""
25,18132,numeric,0,0,"",0,"",2019-10-29 21:48:38,2099-12-31,2019-10-29 21:48:38,22,0,""
2226,6566,varchar,4000,0,,0,,2014-07-10 23:43:34,2099-12-31,2014-07-10 23:43:34,0,0,srctbl から　addが来た時の処理
2227,6567,varchar,4000,0,,0,,2014-07-10 23:43:48,2099-12-31,2014-07-10 23:43:48,0,0,srctbl から　editが来た時の処理
2230,6568,varchar,4000,0,,0,,2014-07-10 23:44:20,2099-12-31,2014-07-10 23:44:20,0,0,srctbl から　delete が来た時の処理
1125,4433,char,1,0,,0,,2013-12-21 20:10:36,2099-12-31,2013-12-21 20:10:36,0,0,
1126,4434,char,1,0,,0,,2013-12-21 20:11:36,2099-12-31,2013-12-21 20:11:36,0,0,
1127,4435,char,1,0,,0,,2013-12-21 20:11:57,2099-12-31,2013-12-21 20:11:57,0,0,
1128,4436,char,1,0,,0,,2013-12-21 20:12:15,2099-12-31,2013-12-21 20:12:15,0,0,
1129,4437,char,1,0,,0,,2013-12-21 20:12:36,2099-12-31,2013-12-21 20:12:36,0,0,
2021,6081,varchar,4000,0,,0,,2014-06-27 23:19:36,2099-12-31,2014-06-27 23:19:36,0,0,"項目にtblnameがある時,選択できるテーブルと選択されたテーブルで使用される項目を
hashで記述。各テーブルの項目順は,テーブル間で整合が取れていること。
"
34,18441,varchar,50,0,"",0,"",2019-12-18 16:19:39,2099-12-31,2019-12-18 16:19:39,0,10,""
65,18755,numeric,0,0,"",0,"",2020-01-21 11:40:28,2099-12-31,2020-01-21 11:40:28,22,10,""
1541,5003,timestamp(6),0,0, from oracle,0,,2014-01-18 18:06:38,2099-12-31,2020-01-25 11:57:15,0,0,テーブルの順番はduedateのあと。duedateとはペアーで必須。
1024,1439,char,1,0, from oracle,0,,2013-12-18 11:54:09,2099-12-31,2013-12-18 11:54:09,0,0,
2085,6327,varchar,20,0, from oracle,0,,2014-07-02 20:26:16,2099-12-31,2014-07-02 20:26:16,0,0,
2086,1466,varchar,30,0, from oracle,0,,2014-07-02 20:26:23,2099-12-31,2014-07-02 20:26:23,0,0,
2087,6328,varchar,40,0, from oracle,0,,2014-07-02 20:26:24,2099-12-31,2014-07-02 20:26:24,0,0,
2088,6329,varchar,4000,0, from oracle,0,,2014-07-02 20:26:25,2099-12-31,2014-07-02 20:26:25,0,0,
2089,6330,varchar,10,0, from oracle,0,,2014-07-02 20:26:25,2099-12-31,2014-07-02 20:26:25,0,0,
2090,6331,varchar,4000,0, from oracle,0,,2014-07-02 20:26:26,2099-12-31,2014-07-02 20:26:26,0,0,
2091,6332,varchar,4000,0, from oracle,0,,2014-07-02 20:26:27,2099-12-31,2014-07-02 20:26:27,0,0,
2867,8565,numeric,22,0, from oracle,0,"127.0.0.1",2014-10-25 15:51:56,2099-12-31,2015-09-19 12:27:22,38,2,""
1,1,numeric,0,0,"",0,"",2019-07-10 00:00:00,2099-12-31,2019-07-11 00:00:00,38,100,""
2873,8568,numeric,22,0, from oracle,0,"127.0.0.1",2014-10-25 16:01:35,2099-12-31,2015-09-19 12:27:14,38,2,""
2875,8569,numeric,22,0, from oracle,0,"127.0.0.1",2014-10-25 16:04:30,2099-12-31,2015-09-19 12:30:31,38,3,""
2876,8572,numeric,22,0, persons_id_chrg  -->chrgpersons_id,0,"127.0.0.1",2014-10-25 16:06:46,2099-12-31,2014-10-25 16:08:00,38,0,""
1019,1594,numeric,22,0, from oracle,0,,2013-12-18 11:54:09,2099-12-31,2013-12-18 11:54:09,38,0,
1020,1636,numeric,22,0, from oracle,0,,2013-12-18 11:54:09,2099-12-31,2013-12-18 11:54:09,38,0,
1021,1635,numeric,22,0, from oracle,0,,2013-12-18 11:54:09,2099-12-31,2013-12-18 11:54:09,38,0,
1077,1553,numeric,22,0, from oracle,0,,2013-12-20 13:54:34,2099-12-31,2013-12-20 13:54:34,38,0,
1101,4427,numeric,22,0, from oracle,0,,2013-12-21 17:46:47,2099-12-31,2013-12-21 17:46:47,38,0,
1121,4428,numeric,22,0, from oracle,0,,2013-12-21 19:32:02,2099-12-31,2013-12-21 19:32:02,38,0,
1123,4429,numeric,22,0, from oracle,0,,2013-12-21 19:32:02,2099-12-31,2013-12-21 19:32:02,38,0,
1124,4430,numeric,22,0, from oracle,0,,2013-12-21 19:32:02,2099-12-31,2013-12-21 19:32:02,38,0,
1161,4483,numeric,22,0, from oracle,0,,2013-12-22 21:01:13,2099-12-31,2013-12-22 21:01:13,38,0,
1163,4485,numeric,22,0, from oracle,0,,2013-12-22 21:01:13,2099-12-31,2013-12-22 21:01:13,38,0,
1261,4623,numeric,22,0, from oracle,0,,2014-01-04 10:23:07,2099-12-31,2014-01-04 10:23:07,38,0,
2044,6123,numeric,22,3,,0,,2014-06-28 11:13:20,2099-12-31,2014-06-28 16:09:45,0,0,tblnameを項目に持つテーブルのtblnameに含まれる項目「wage」の代用
2041,6121,char,50,0,,0,,2014-06-28 10:45:30,2099-12-31,2014-06-28 16:09:14,0,0,tblnameを項目に持つテーブルのtblnameに含まれる項目「code」の代用
2042,6122,char,50,0,,0,,2014-06-28 11:11:29,2099-12-31,2014-06-28 16:09:27,0,0,tblnameを項目に持つテーブルのtblnameに含まれる項目「name」の代用
2,63,timestamp(6),0,0,"",0,"",2019-08-01 00:00:00,2099-12-31,2019-08-01 00:00:00,0,10,""
3241,8570,numeric,22,0, persons_id_chrg  -->chrgpersons_id,0,"127.0.0.1",2014-12-07 09:14:15,2099-12-31,2014-12-07 09:14:15,38,0,""
3323,9628,numeric,0,0,,0,"127.0.0.1",2014-12-20 20:28:05,2099-12-31,2014-12-20 20:28:05,38,0,""
3443,10025,numeric,0,0,,0,"127.0.0.1",2015-01-10 10:18:52,2099-12-31,2015-09-19 12:30:16,38,3,""
3501,10541,numeric,22,0, from oracle,0,"127.0.0.1",2015-02-21 17:49:03,2099-12-31,2015-02-21 17:49:03,38,0,""
3541,10590,numeric,0,0,,0,"127.0.0.1",2015-02-23 19:49:39,2099-12-31,2015-02-23 19:50:46,38,0,""
3543,10591,numeric,22,0, persons_id_chrg  -->chrgpersons_id,0,"127.0.0.1",2015-02-23 20:09:18,2099-12-31,2015-02-23 20:09:18,38,0,""
3722,11030,numeric,22,0, from oracle,0,"127.0.0.1",2015-03-21 15:10:26,2099-12-31,2015-03-21 15:10:26,38,0,""
3801,11303,numeric,22,0, persons_id_chrg ,0,"127.0.0.1",2015-04-12 00:51:34,2099-12-31,2015-04-12 00:51:34,38,0,""
3802,11304,numeric,22,0,,0,"127.0.0.1",2015-04-12 01:04:03,2099-12-31,2015-04-12 01:04:03,38,0,""
3807,11309,numeric,22,0, persons_id_chrg  -->chrgpersons_id,0,"127.0.0.1",2015-04-12 01:06:44,2099-12-31,2015-04-12 01:06:44,38,0,""
3808,11306,numeric,22,0, persons_id_chrg  -->chrgpersons_id,0,"127.0.0.1",2015-04-12 01:07:14,2099-12-31,2015-04-12 01:07:14,38,0,""
3809,11308,numeric,22,0, persons_id_chrg  -->chrgpersons_id,0,"127.0.0.1",2015-04-12 01:07:27,2099-12-31,2015-04-12 01:07:27,38,0,""
3810,11310,numeric,22,0, persons_id_chrg  -->chrgpersons_id,0,"127.0.0.1",2015-04-12 01:07:47,2099-12-31,2015-04-12 01:07:47,38,0,""
3811,11305,numeric,22,0,chrgpersons_id,0,"127.0.0.1",2015-04-12 01:14:16,2099-12-31,2015-04-12 01:14:16,38,0,""
3830,11402,numeric,22,0,,0,"127.0.0.1",2015-04-12 17:16:07,2099-12-31,2015-04-12 17:16:07,38,0,""
3832,11406,numeric,22,0, persons_id_chrg ,0,"127.0.0.1",2015-04-12 18:11:54,2099-12-31,2015-04-12 18:11:54,38,0,""
3835,11426,numeric,22,0,,0,"127.0.0.1",2015-04-12 18:45:34,2099-12-31,2015-04-12 18:45:34,38,0,""
3838,11427,numeric,22,0,,0,"127.0.0.1",2015-04-12 18:53:41,2099-12-31,2015-04-12 18:53:41,38,0,""
3843,11573,numeric,22,0, persons_id_chrg  -->chrgpersons_id,0,"127.0.0.1",2015-04-12 21:53:54,2099-12-31,2015-04-12 21:53:54,38,0,""
3903,12147,numeric,22,0, from oracle,0,"127.0.0.1",2015-06-01 21:12:46,2099-12-31,2015-09-19 12:31:06,38,3,""
3949,12210,numeric,0,0,,0,"127.0.0.1",2015-06-06 11:52:41,2099-12-31,2015-06-06 11:52:41,38,0,""
3985,12282,numeric,22,0,,0,"127.0.0.1",2015-06-10 23:53:31,2099-12-31,2015-06-10 23:53:31,38,0,""
4124,12924,numeric,38,0,,0,"127.0.0.1",2015-08-26 21:46:31,2099-12-31,2015-08-26 21:46:31,38,0,""
4126,12923,numeric,22,0, from oracle,0,"127.0.0.1",2015-08-26 21:57:18,2099-12-31,2015-08-26 21:57:18,38,0,""
4141,12942,numeric,0,0,,0,"127.0.0.1",2015-08-28 21:36:41,2099-12-31,2015-08-28 21:36:41,38,0,""
4142,12943,numeric,22,0, from oracle,0,"127.0.0.1",2015-08-28 21:37:18,2099-12-31,2015-09-19 12:31:15,38,3,""
4164,13043,numeric,0,0,,0,"127.0.0.1",2015-08-29 22:07:06,2099-12-31,2015-08-29 22:07:06,38,0,""
4201,13382,numeric,22,0, from oracle,0,"127.0.0.1",2015-09-02 20:36:35,2099-12-31,2015-09-19 12:31:25,38,3,""
4345,13648,numeric,22,0,,0,"127.0.0.1",2015-09-21 18:17:48,2099-12-31,2015-09-21 18:17:48,38,3,""
4347,13649,numeric,22,0,,0,"127.0.0.1",2015-09-21 18:21:40,2099-12-31,2015-09-21 18:21:40,38,3,""
4982,16246,numeric,0,0,,0,"127.0.0.1",2016-08-19 16:41:31,2099-12-31,2016-08-19 16:41:31,38,0,""
5001,16387,numeric,0,0,,0,"127.0.0.1",2016-08-25 23:15:59,2099-12-31,2016-08-25 23:15:59,38,0,""
4461,14305,numeric,0,0,,0,"127.0.0.1",2015-10-29 23:40:19,2099-12-31,2015-10-29 23:40:19,38,0,""
4462,14306,numeric,0,0,,0,"127.0.0.1",2015-10-29 23:40:31,2099-12-31,2015-10-29 23:40:31,38,0,""
4502,14661,numeric,22,0, from oracle,0,"127.0.0.1",2015-11-23 10:01:48,2099-12-31,2015-11-23 10:01:48,38,3,""
4268,13485,varchar,100,0,,0,"127.0.0.1",2015-09-13 11:18:54,2099-12-31,2015-09-13 11:18:54,0,0,""
4801,15414,varchar,4000,0,,0,"127.0.0.1",2016-04-25 21:35:59,2099-12-31,2016-04-25 21:35:59,0,0,""
26,18135,numeric,0,0,"",0,"",2019-10-31 21:34:01,2099-12-31,2019-10-31 21:34:01,22,0,""
35,18483,numeric,0,0,"",0,"",2019-12-28 20:58:24,2099-12-31,2019-12-28 20:58:24,22,0,""
66,18765,numeric,0,0,"",0,"",2020-01-21 20:44:21,2099-12-31,2020-01-21 20:44:21,22,10,""
4163,13044,numeric,0,0,,0,"127.0.0.1",2015-08-29 22:06:34,2000-01-01,2021-04-07 19:52:50,38,0,""
3202,9388,numeric,22,6,,0,"127.0.0.1",2014-11-25 21:21:52,2099-12-31,2020-03-22 23:34:15,22,0,""
3849,11681,numeric,22,0,,0,"127.0.0.1",2015-04-14 20:02:58,2000-01-01,2021-04-27 20:47:14,38,0,""
2471,7191,numeric,22,0, from oracle,0,"127.0.0.1",2014-07-26 06:52:07,2099-12-31,2015-09-19 12:30:23,38,3,""
2601,7701,numeric,22,0, from oracle,0,"127.0.0.1",2014-09-06 13:51:24,2099-12-31,2015-09-19 12:27:51,38,2,""
2383,7018,timestamp(6),0,0,,0,"127.0.0.1",2014-07-18 06:47:45,2099-12-31,2017-03-18 20:41:55,0,0,完成日、完了日
2668,7982,numeric,22,0, from oracle,0,"127.0.0.1",2014-09-23 10:46:39,2099-12-31,2015-09-19 12:28:00,38,2,""
2385,7023,char,1,0,,0,"127.0.0.1",2014-07-18 20:29:30,2099-12-31,2016-12-28 14:15:02,0,0,"xxxSCHSからmkordsを利用してxxxORDSを作成するしない。
0:しない(手動)   xxxxx_shpordsで作成
1：一括作成　confirm=1 mkordsでordを一括作成
2:仮のxxxORDSを一括作成 confirm=0
・データ作成後、外部へ送信して初めて確定となるケースを想定。 テーブルmkordsをベースに作成。
・印刷し注文(作業指示)するケースを想定

以下、消費又は出庫対応。mkordsを定期的に実行することを想定。
a:自身の在庫がそろったら、出荷または出庫
　品目毎、プロジェクト毎まとめて出庫・出荷される。
  出庫・出荷の時指定する。
A:a+親のオーダー作成。
B:親のオーダ発行に対して在庫は必須
　子の出庫指示も行う
C:親のオーダー発行に対してオーダー又は指示、在庫であること
　子の出庫指示も行う
D:親のオーダ発行と一緒に出庫指示
A,B,CDの時親は0,1,2であること。"
2401,7040,char,1,0,,0,"127.0.0.1",2014-07-19 00:30:03,2099-12-31,2014-07-19 00:30:03,0,0,事項タイミング　0:一時的　1:毎日
18,18093,numeric,0,6,"",0,"",2019-08-26 18:38:14,2099-12-31,2019-08-26 18:45:54,22,10,最小消費数
2441,7128,char,1,0,,0,"127.0.0.1",2014-07-19 12:32:01,2099-12-31,2014-10-09 20:38:54,0,0, 結果　フラグ　0:未処理 1:normal end  9:error
4162,13042,numeric,0,0,,0,"127.0.0.1",2015-08-29 22:06:23,2099-12-31,2019-11-03 20:04:35,22,0,""
2465,7171,char,1,0,,0,"127.0.0.1",2014-07-22 22:33:59,2099-12-31,2014-07-22 22:33:59,0,0,"完成フラグ　0:未完 1:完了
"
36,18491,varchar,100,0,"",0,"",2020-01-03 14:23:20,2099-12-31,2020-01-12 16:53:32,0,100,""
67,18764,numeric,0,0,"",0,"",2020-01-21 20:44:23,2099-12-31,2020-01-21 20:44:23,22,10,""
2541,7581,char,1,0,,0,"127.0.0.1",2014-08-22 00:42:07,2099-12-31,2014-08-22 00:42:07,0,0,m:手動又はa:自動
2561,7621,char,1,0,,0,"127.0.0.1",2014-08-23 15:43:12,2099-12-31,2014-09-29 22:22:55,0,0,"1:現在のopeitms,nditmsから trngannts作成
2:trngantts削除して、opeitms,nditmsから再作成"
2641,7805,date,0,0,,0,"127.0.0.1",2014-09-14 13:20:38,2099-12-31,2014-09-14 13:20:38,0,0,
2464,1653,numeric,22,0,,0,"127.0.0.1",2014-07-21 15:11:08,2099-12-31,2020-03-22 23:34:18,22,0,
2341,6901,varchar,20,0,,0,"127.0.0.1",2014-07-13 16:04:37,2099-12-31,2020-10-17 09:33:54,0,100, con:消費　ret:装置等の戻し　
2721,8102,numeric,22,6,,0,"127.0.0.1",2014-10-05 01:58:13,2099-12-31,2020-11-18 20:56:53,22,0,"trngantts,alloctbls,instks,outstks,xxxactsで使用　別tableで使用する時はcontril.get_fetch_rec等修正要"
2667,7981,timestamp(6),0,0, from oracle,0,"127.0.0.1",2014-09-23 10:46:11,2099-12-31,2014-09-23 10:46:11,0,0,予定納期
27,18179,numeric,0,0,"",0,"",2019-11-03 19:59:33,2000-01-01,2021-04-06 20:26:51,22,0,""
2761,8227,char,2,0,,0,"127.0.0.1",2014-10-11 00:47:39,2099-12-31,2014-10-11 00:47:39,0,0,
2781,8343,char,1,0,,0,"127.0.0.1",2014-10-21 20:50:37,2099-12-31,2014-10-21 20:50:37,0,0,"自身の引当て順序
 null又は0 納期遅れなし予定　-->在庫　--> 納期遅れを含む予定
1:在庫の時のみ引き当てる。　一部在庫も含む
2:全数在庫に引きあたったときのみ　引当て"
2361,6943,numeric,0,0,,0,,2014-07-15 19:55:04,2099-12-31,2014-07-15 19:55:04,38,0,tblinksのコピー元画面
2467,7173,numeric,0,0, ,0,"127.0.0.1",2014-07-22 22:48:58,2099-12-31,2014-07-22 22:48:58,38,0,"
"
2503,7306,numeric,22,0, ,0,"127.0.0.1",2014-07-30 22:28:38,2099-12-31,2014-07-30 22:28:38,38,0,
2621,7741,numeric,22,0, from oracle,0,"127.0.0.1",2014-09-06 17:08:03,2099-12-31,2014-09-06 17:08:03,38,0,"同一item_coseに複数の作業工程がある時の順番
stkhistsの工程毎の在庫場所を示すためのkey
999が最終工程になる。"
1263,4625,numeric,22,0, from oracle,0,,2014-01-04 10:23:07,2099-12-31,2014-01-04 10:23:07,38,0,
2866,8564,numeric,22,0, from oracle,0,"127.0.0.1",2014-10-25 15:50:59,2099-12-31,2015-09-19 12:30:49,38,3,""
3041,8881,char,1,0,,0,"127.0.0.1",2014-10-30 00:29:55,2099-12-31,2015-08-26 22:47:39,0,0,"1:confirm  0:仮　5:確認済　印刷後又はデータ送信後　1となる。
T:test"
2961,8801,numeric,22,2, from oracle,0,"127.0.0.1",2014-10-28 01:17:33,2099-12-31,2014-10-28 01:17:33,38,0,丸め
2981,8821,numeric,0,0,,0,"127.0.0.1",2014-10-28 21:31:24,2099-12-31,2014-10-28 21:31:24,38,0,入れ物の単位　瓶　缶　リール　巻
3001,8841,numeric,0,0,,0,"127.0.0.1",2014-10-28 23:08:03,2099-12-31,2014-10-28 23:17:20,38,0,"購入単位
1瓶　10cc入っている油を 50個詰にして1箱として販売しているとき　50瓶が購入単位"
3003,8842,numeric,0,0,,0,"127.0.0.1",2014-10-28 23:34:49,2099-12-31,2014-10-28 23:34:49,38,0,製造　購入　出庫で使用する単位
3063,8904,numeric,22,0,,0,"127.0.0.1",2014-11-01 13:02:55,2099-12-31,2014-11-01 13:02:55,38,0,srctblnameのid
3064,8905,numeric,22,0,,0,"127.0.0.1",2014-11-01 13:03:19,2099-12-31,2014-11-01 13:03:19,38,0,destblnameのid
3081,9081,numeric,0,0,,0,"127.0.0.1",2014-11-02 22:58:21,2099-12-31,2014-11-02 22:58:21,38,0,入れ物の単位　瓶　缶　リール　巻 購入時
3161,9302,numeric,22,0,,0,"127.0.0.1",2014-11-21 23:30:31,2099-12-31,2014-11-21 23:30:31,38,0,入力件数
3162,9303,numeric,22,0,,0,"127.0.0.1",2014-11-21 23:30:56,2099-12-31,2014-11-21 23:30:56,38,0,出力件数
3165,9306,numeric,22,4,,0,"127.0.0.1",2014-11-21 23:32:37,2099-12-31,2014-11-21 23:32:37,38,0,入力金額
3166,9307,numeric,22,4,,0,"127.0.0.1",2014-11-21 23:33:10,2099-12-31,2014-11-21 23:33:10,38,0,出力金額
3167,9308,numeric,22,0,,0,"127.0.0.1",2014-11-21 23:33:37,2099-12-31,2014-11-21 23:33:37,38,0,読み飛ばし件数
3169,9310,numeric,22,4,,0,"127.0.0.1",2014-11-21 23:34:46,2099-12-31,2014-11-21 23:34:46,38,0,読み飛ばされた金額
3281,9602,char,1,0, from oracle,0,"127.0.0.1",2014-12-14 11:42:27,2099-12-31,2017-02-14 19:40:41,0,0,"nil,0:シャッフルしない 　一度引き当てたら引当て変更は自動ではしない。初期は登録順に在庫、指示、オーダ順に引き当てる。　1:納期順にシャッフルし在庫にひきあてる。　2:納期順にシャッフルするが在庫が外れ、納期(xxxinsts)が遅くなる時は納期範囲内であること。納期遅れをだし遅くなる時はそのまま。
"
3283,9604,char,1,0,,0,"127.0.0.1",2014-12-14 19:13:50,2099-12-31,2015-09-26 17:12:00,0,0,"1:場所違い(!= locas_id)でも、出庫オーダを作成して引き当てる。"
3261,9543,numeric,22,0,,0,"127.0.0.1",2014-12-07 11:18:00,2099-12-31,2014-12-07 11:18:00,38,0,出力件数
3301,9621,char,1,0,,0,"127.0.0.1",2014-12-20 07:02:20,2099-12-31,2016-11-27 01:43:23,0,0,"instsはまとめてくることが条件
0:Σinst qty != ord qty なら　エラーとして　instsに取り込まない。ord分割の時
1:Σinst qty  =< ord qty なら取り込み　ord qty はΣinst qtyとする。
2:Σinst qty  => ord qty なら取り込み　ord qty はΣinst qtyとする。
3:ord qty はΣinst qtyとする。
5:inst qty = Σord qty とする。　　ordをまとめて指示の時"
3381,9741,char,1,0,,0,"127.0.0.1",2014-12-27 14:16:43,2099-12-31,2016-12-28 15:59:33,0,0,"1:自動作成"
3441,10022,timestamp(6),0,0, from oracle,0,"127.0.0.1",2015-01-08 22:25:36,2099-12-31,2015-01-08 22:25:36,0,0,作業開始日
3442,10023,char,1,0, from oracle,0,"127.0.0.1",2015-01-08 22:33:21,2099-12-31,2015-02-17 20:11:05,0,0,作業開始フラグ　1:開始済
3601,10861,numeric,3,0,,0,"127.0.0.1",2015-03-01 13:17:03,2099-12-31,2015-03-01 13:17:03,38,0,"開始日を基準にxxxestsからxxxschsに変換するまでの日数
-1 直ぐ
例　7 七日後　（稼働日考慮なし）　-->稼働日考慮に修正予定
999　変換しない。 "
3461,10220,char,1,0,,0,"127.0.0.1",2015-01-27 20:08:54,2099-12-31,2015-01-27 20:11:11,0,10,契約フラグ
3462,10221,char,1,0,,0,"127.0.0.1",2015-01-27 22:46:55,2099-12-31,2015-06-21 16:16:00,0,10,"単価契約フラグ
1:発注日ベース　2:納期ベース　3:受入日ベース   4:出荷日ベース　5:検収ベース  
7:出荷日までに決定する単価　8:受入日までに決定する単価　
9:単価決定=検収日
X:社内単価未定"
3463,10223,char,1,0,,0,"127.0.0.1",2015-01-27 23:57:22,2099-12-31,2015-04-06 19:58:02,0,10,"単価入力時のルール
0:単価入力不可　 マスタの単価のみを使用する。
"
3421,9981,timestamp(6),0,0,,0,"127.0.0.1",2015-01-04 15:11:45,2099-12-31,2019-12-18 15:26:41,0,0,受入日 該当部署で受け取った日
37,5183,varchar,50,0,,0,,2020-01-06 22:48:23,2099-12-31,2020-01-06 22:48:23,0,10,
38,5184,varchar,50,0,,0,,2020-01-06 22:48:23,2099-12-31,2020-01-06 22:48:23,0,10,
39,5182,varchar,50,0,,0,,2020-01-06 22:48:23,2099-12-31,2020-01-06 22:48:23,0,10,
40,5185,varchar,50,0,,0,,2020-01-06 22:48:23,2099-12-31,2020-01-06 22:48:23,0,10,
41,5767,varchar,50,0,,0,,2020-01-06 22:48:23,2099-12-31,2020-01-06 22:48:23,0,10,
42,7187,varchar,50,0,,0,,2020-01-06 22:48:23,2099-12-31,2020-01-06 22:48:23,0,10,
43,5762,varchar,50,0,,0,,2020-01-06 22:48:23,2099-12-31,2020-01-06 22:48:23,0,10,
44,18506,varchar,50,0,,0,,2020-01-06 22:48:23,2099-12-31,2020-01-06 22:48:23,0,10,
45,18513,varchar,50,0,,0,,2020-01-06 22:48:23,2099-12-31,2020-01-06 22:48:23,0,10,
46,18510,varchar,50,0,,0,,2020-01-06 22:48:23,2099-12-31,2020-01-06 22:48:23,0,10,
47,18511,varchar,50,0,,0,,2020-01-06 22:48:23,2099-12-31,2020-01-06 22:48:23,0,10,
48,18512,varchar,50,0,,0,,2020-01-06 22:48:23,2099-12-31,2020-01-06 22:48:23,0,10,
49,18507,varchar,50,0,,0,,2020-01-06 22:48:23,2099-12-31,2020-01-06 22:48:23,0,10,
51,18508,varchar,50,0,,0,,2020-01-06 22:48:23,2099-12-31,2020-01-06 22:48:23,0,10,
52,18509,varchar,50,0,,0,,2020-01-06 22:48:23,2099-12-31,2020-01-06 22:48:23,0,10,
68,15043,varchar,50,0,"",0,"",2020-01-23 20:43:30,2099-12-31,2020-01-23 20:43:30,0,55,""
70,18842,numeric,0,0,"",0,"",2020-02-15 17:21:03,2099-12-31,2020-02-15 17:21:03,22,10,""
71,18901,varchar,50,0,"",0,"",2020-03-07 12:42:28,2099-12-31,2020-03-07 12:42:28,0,0,""
72,18900,varchar,50,0,"",0,"",2020-03-07 12:42:30,2099-12-31,2020-03-07 12:42:30,0,0,""
73,18928,numeric,0,6,"",0,"",2020-03-22 23:19:47,2099-12-31,2020-03-22 23:19:47,22,60,""
3164,9305,numeric,22,6,,0,"127.0.0.1",2014-11-21 23:32:06,2099-12-31,2020-03-22 23:34:57,22,0,出力数量
3163,9304,numeric,22,6,,0,"127.0.0.1",2014-11-21 23:31:36,2099-12-31,2020-03-22 23:34:55,22,0,入力数量
50,7623,varchar,50,0,,0,,2020-01-06 22:48:23,2099-12-31,2020-05-28 16:43:43,0,10,
3168,9309,numeric,22,6,,0,"127.0.0.1",2014-11-21 23:34:19,2099-12-31,2020-03-22 23:35:00,22,0,読み飛ばされた数量
3942,12204,numeric,0,0,,0,"127.0.0.1",2015-06-06 11:30:04,2099-12-31,2015-06-06 11:30:04,38,0,""
3581,10676,char,2,0, from oracle,0,"127.0.0.1",2015-02-27 23:09:48,2099-12-31,2015-02-27 23:09:48,0,0,"00:""00""+品目コード
09:""09""+品目コード+得意先コード"
3621,10881,char,1,0,,0,"127.0.0.1",2015-03-12 14:36:24,2099-12-31,2015-03-12 14:36:24,0,0,"1:棚卸対象
"
3761,11161,char,1,0,,0,"127.0.0.1",2015-03-22 16:10:13,2099-12-31,2015-03-22 16:10:13,0,0,"1:再納品　　既に支払済、又は請求済(入金済)"
3781,11203,timestamp(6),0,0, from oracle,0,"127.0.0.1",2015-03-25 22:10:30,2099-12-31,2016-08-07 22:53:44,0,0,検収日
3845,11613,numeric,22,0,,0,"127.0.0.1",2015-04-13 23:21:56,2099-12-31,2015-04-13 23:21:56,38,0,cpo = custords
3846,11614,numeric,22,0,,0,"127.0.0.1",2015-04-13 23:42:04,2099-12-31,2015-04-13 23:42:43,38,0,dle --> dealer
3848,11615,numeric,22,0,,0,"127.0.0.1",2015-04-13 23:44:03,2099-12-31,2015-04-13 23:44:03,38,0,dle --> dealer
3946,12208,numeric,0,0,,0,"127.0.0.1",2015-06-06 11:47:03,2099-12-31,2015-06-06 11:47:03,38,0,
3947,12209,numeric,0,0,,0,"127.0.0.1",2015-06-06 11:47:11,2099-12-31,2015-06-06 11:47:11,38,0,
3983,12281,numeric,22,0,,0,"127.0.0.1",2015-06-10 22:14:02,2099-12-31,2015-06-10 22:14:02,38,0,
4159,12992,numeric,22,0,,0,"127.0.0.1",2015-08-29 21:18:34,2099-12-31,2015-08-29 21:18:34,38,0,chrgだと30バイトを超えたためcに変更
4382,13782,numeric,22,0, from oracle,0,"127.0.0.1",2015-09-28 20:56:24,2099-12-31,2015-10-03 21:11:06,38,0,ケースの残数　整数であること
4402,13907,numeric,0,0,,0,"127.0.0.1",2015-10-08 11:33:23,2099-12-31,2015-10-08 11:33:23,38,0,
4408,13922,numeric,0,0,,0,"127.0.0.1",2015-10-08 21:25:07,2099-12-31,2015-10-08 21:25:07,38,0,boxの単位
4409,13923,numeric,0,0,,0,"127.0.0.1",2015-10-08 21:26:00,2099-12-31,2015-10-08 21:26:00,38,0,外観boxの単位
4410,13956,numeric,0,0,,0,"127.0.0.1",2015-10-09 20:55:12,2099-12-31,2015-10-09 20:55:12,38,0,boxの単位
4002,12502,char,1,0,,0,"127.0.0.1",2015-06-27 11:52:25,2099-12-31,2015-06-27 11:55:05,0,0,"1:個別に計算　　
2:まとめて計算"
4421,14186,numeric,38,0,,0,"127.0.0.1",2015-10-21 10:20:31,2099-12-31,2016-05-30 20:22:55,38,0,引当て可能なプロジェクト
4021,12541,char,1,0,,0,"127.0.0.1",2015-06-28 20:42:47,2099-12-31,2015-06-28 20:42:47,0,0,"1:金型　特殊道具等をイメージ"
4081,12821,char,1,0,,0,"127.0.0.1",2015-07-28 23:01:40,2099-12-31,2015-07-28 23:01:40,0,0,"chkinst:""1""  発注数以上の受入は不可"
3701,10981,char,1,0,,0,"127.0.0.1",2015-03-21 10:50:09,2099-12-31,2019-12-30 17:36:14,0,0,"1:入庫の時　支払いデータを作成
2:出庫の時　出庫先に、請求データ作成
3:　1と2"
4482,14386,numeric,22,0,,0,"127.0.0.1",2015-11-02 19:09:40,2099-12-31,2015-11-02 19:09:40,38,0,destblnameのid
4483,14387,numeric,22,0,,0,"127.0.0.1",2015-11-02 19:12:27,2099-12-31,2015-11-02 19:12:27,38,0,
4521,14727,numeric,22,4,,0,"127.0.0.1",2015-11-25 21:05:36,2099-12-31,2015-11-25 21:05:36,38,0,直接金額
4545,14769,numeric,22,0, from oracle,0,"127.0.0.1",2015-12-01 00:11:35,2099-12-31,2015-12-01 00:11:59,38,0,同一item_coseに複数の作業工程
4621,14886,numeric,2,0, from oracle,0,"127.0.0.1",2015-12-13 16:15:16,2099-12-31,2015-12-13 16:15:16,38,0,"0:prj_code dummyも引当て対象とする。
1:同一prjnos_idのみ引当ている。
2:同一親のprjnos_idで引き当てる。親が無いときは1と同じ"
69,18818,numeric,0,0,"",0,"",2020-01-24 12:35:12,2099-12-31,2020-01-24 12:35:12,22,10,""
3844,11425,numeric,22,0,,0,"127.0.0.1",2015-04-13 23:11:11,2099-12-31,2021-04-27 22:39:47,38,0,cpo = custords
4761,15385,numeric,22,0, from oracle,0,"127.0.0.1",2016-04-03 17:59:40,2099-12-31,2016-04-03 17:59:40,38,3,入金部署　billsで使用
4781,15412,numeric,0,0,,0,"127.0.0.1",2016-04-24 11:22:15,2099-12-31,2016-04-24 11:22:15,38,0,
4841,15525,numeric,22,0, 　,0,"127.0.0.1",2016-05-15 19:45:56,2099-12-31,2016-05-15 19:45:56,38,0,経由地点
5102,16725,numeric,22,0,,0,"127.0.0.1",2016-12-09 14:21:47,2099-12-31,2016-12-09 14:21:47,38,0,"同一item_coseに複数の作業工程がある時の順番
stkhistsの工程毎の在庫場所を示すためのkey
999が最終工程になる。"
5141,16865,numeric,0,0,,0,"127.0.0.1",2017-01-15 10:35:31,2099-12-31,2017-01-15 10:35:31,38,1,
5162,17026,numeric,22,0,,0,"127.0.0.1",2017-04-09 21:22:42,2099-12-31,2017-04-09 21:22:42,38,0,"瓶、リールの数
整数であること。"
5201,17108,numeric,22,0,,0,"127.0.0.1",2017-06-09 01:05:48,2099-12-31,2017-06-09 01:05:48,38,3,受払先　Receipts and payments destination
733,3972,numeric,0,0,,0,"127.0.0.1",2013-11-25 00:46:55,2099-12-31,2015-09-19 12:24:03,38,1,"各テーブルのユニークkey
各テーブルに必ず一つ必要
viewのとき　テーブル名.chop_idとしも存在する。
また　画面項目の""id""は必ず選択あり""1""にすること。
　　テーブルの更新keyになっている。"
1004,1677,numeric,22,0,,0,"127.0.0.1",2013-12-18 11:54:09,2099-12-31,2015-11-01 15:14:10,38,0,物を一意に特定するno
1010,1498,numeric,22,0, from oracle,0,"127.0.0.1",2013-12-18 11:54:09,2099-12-31,2014-09-13 15:31:28,38,0,
1011,1497,numeric,22,0, from oracle,0,"127.0.0.1",2013-12-18 11:54:09,2099-12-31,2014-09-13 15:29:47,38,0,
1012,1675,numeric,22,0, from oracle,0,"127.0.0.1",2013-12-18 11:54:09,2099-12-31,2017-07-30 23:00:05,38,0,"1:必須項目"
1015,1684,numeric,22,0, from oracle,0,"127.0.0.1",2013-12-18 11:54:09,2099-12-31,2014-09-17 00:35:02,38,0,
1016,1507,numeric,22,0, from oracle,0,"127.0.0.1",2013-12-18 11:54:09,2099-12-31,2014-09-17 00:35:32,38,0,
1017,1550,numeric,22,0, from oracle,0,"127.0.0.1",2013-12-18 11:54:09,2099-12-31,2014-09-17 00:35:10,38,0,
1093,4398,numeric,0,0,,0,,2013-12-20 17:15:20,2099-12-31,2013-12-20 17:15:20,38,0,
4301,13523,char,1,0, from oracle,0,"127.0.0.1",2015-09-13 21:43:16,2099-12-31,2019-07-25 00:00:00,0,0," M:手動で消費 又は装置で使用後戻し(手動)
A:自動で消費　又は装置で使用後戻し(自動)
消費財に対して
ORD:親品目のオーダのための子の在庫は必須
ACT:親品目の完成・受入のための子の在庫は必須
sod:自身の品目の(出庫)オーダのための自身の在庫は必須
sac:自身の品目の実行のための自身の在庫は必須"
1182,4502,varchar,50,0,,0,,2013-12-22 21:47:11,2099-12-31,2013-12-22 21:47:11,0,0,
1241,4582,varchar,10,0,,0,,2014-01-02 11:36:39,2099-12-31,2014-01-02 11:36:39,0,0,
4303,13524,char,1,0,,0,"127.0.0.1",2015-09-13 22:26:17,2099-12-31,2016-12-04 20:41:44,0,1,",0:直下のみ手配
nil,1:すべての階層の子部品すべて手配。"
1341,4701,varchar,30,0, ,0,,2014-01-04 21:18:58,2099-12-31,2014-01-04 21:18:58,0,0,tblnameを持つテーブルを作成したテーブル
1409,4839,varchar,20,0,,0,,2014-01-11 02:41:02,2099-12-31,2014-01-11 02:41:02,0,0,テーブルの状態　balance　complete  forced_termination
1421,4841,varchar,4000,0,,0,,2014-01-11 10:14:11,2099-12-31,2014-01-11 10:14:11,0,0,jqgrid formatter 関数用
1582,5062,varchar,20,0,,0,,2014-01-21 01:19:01,2099-12-31,2014-02-02 11:17:35,0,0,carton　no
1169,1533,varchar,4000,0, from oracle,0,,2013-12-22 21:01:14,2099-12-31,2013-12-22 21:01:14,0,0,
1170,1467,varchar,10,0, from oracle,0,,2013-12-22 21:01:14,2099-12-31,2013-12-22 21:01:14,0,0,
1741,1617,varchar,50,0, from oracle,0,,2014-03-23 14:08:31,2099-12-31,2014-03-23 14:08:31,0,0,
1742,1479,varchar,10,0, from oracle,0,,2014-03-23 14:08:31,2099-12-31,2014-03-23 14:08:31,0,0,
1743,1417,varchar,20,0, from oracle,0,,2014-03-23 14:08:31,2099-12-31,2014-03-23 14:08:31,0,0,
1745,1478,varchar,50,0, from oracle,0,,2014-03-23 14:08:31,2099-12-31,2014-03-23 14:08:31,0,0,
1746,1525,varchar,50,0, from oracle,0,,2014-03-23 14:08:31,2099-12-31,2014-03-23 14:08:31,0,0,
1747,1416,varchar,20,0, from oracle,0,,2014-03-23 14:08:31,2099-12-31,2014-03-23 14:08:31,0,0,
1748,1524,varchar,20,0, from oracle,0,,2014-03-23 14:08:31,2099-12-31,2014-03-23 14:08:31,0,0,
1749,1477,varchar,20,0, from oracle,0,,2014-03-23 14:08:31,2099-12-31,2014-03-23 14:08:31,0,0,
1962,1504,varchar,50,0, from oracle,0,,2014-06-22 17:00:27,2099-12-31,2014-06-22 17:00:27,0,0,
4821,15489,numeric,0,0,,0,"127.0.0.1",2016-05-10 22:42:26,2099-12-31,2016-05-10 22:42:26,38,0,""
4921,16077,numeric,22,0, from oracle,0,"127.0.0.1",2016-07-30 11:06:42,2099-12-31,2016-07-30 11:06:42,38,0,""
4941,16188,numeric,22,0, from oracle,0,"127.0.0.1",2016-08-07 23:02:22,2099-12-31,2016-08-07 23:02:22,38,2,""
5021,16447,numeric,0,0,,0,"127.0.0.1",2016-08-31 22:23:24,2099-12-31,2016-08-31 22:23:24,38,0,""
906,4170,numeric,22,0, from oracle,0,"127.0.0.1",2013-12-11 22:41:17,2099-12-31,2015-09-19 12:29:43,38,3,""
907,4171,numeric,22,0, from oracle,0,"127.0.0.1",2013-12-11 22:41:17,2099-12-31,2015-04-12 01:31:15,38,0,""
20,18094,numeric,0,6,"",0,"",2019-08-26 20:59:37,2099-12-31,2019-08-26 20:59:37,22,0,""
53,18505,varchar,50,0,"",0,"",2020-01-07 11:25:37,2099-12-31,2020-01-07 11:25:37,0,10,""
5061,16610,numeric,0,0,,0,"127.0.0.1",2016-09-18 21:17:46,2000-01-01,2020-01-18 19:51:12,38,0,購入箱、ひと箱に入っている、瓶リールの数
3201,9387,numeric,22,6,,0,"127.0.0.1",2014-11-25 21:21:44,2099-12-31,2020-03-22 23:23:44,38,0,""
3021,8861,numeric,22,0,,0,"127.0.0.1",2014-10-29 19:27:39,2099-12-31,2020-03-22 23:34:23,22,0,"瓶、リールの数
整数であること。"
3,73,varchar,4000,0,"",0,"",2019-08-07 21:05:29,2099-12-31,2019-08-07 21:05:29,0,10,""
54,18514,varchar,50,0,"",0,"",2020-01-07 12:22:03,2099-12-31,2020-01-07 12:22:03,0,10,""
55,18515,varchar,50,0,"",0,"",2020-01-07 12:33:57,2099-12-31,2020-01-07 12:33:57,0,10,""
4481,7024,char,1,0,,0,"127.0.0.1",2015-11-01 18:42:52,2099-12-31,2015-12-17 02:35:11,0,0,"　ORDS -->INSTS への分割まとめ
0:手動又は外部からのデータ取り込みでinsts作成
　　まとめと分解あり。
1:　ordsのCONFIRM=1の時　オーダと同時に作成
A:開始日がXX以内でordからinstsを作成
a:在庫にあり、XX以内なら作成。
　XX:autoinst_p

instsは外からので他の取り込みを、つまり
回答納期、現場での作業予定を取り込むケースと
自動出庫指示のケース等を想定。"
75,18965,numeric,0,0,"",0,"",2020-04-28 20:54:12,2099-12-31,2020-04-28 20:54:12,22,0,""
4501,14660,date,7,0, from oracle,0,"127.0.0.1",2015-11-23 09:43:01,2099-12-31,2015-11-23 09:43:01,0,0,返品日
4561,14825,char,1,0,,0,"127.0.0.1",2015-12-06 17:55:53,2099-12-31,2020-04-30 00:35:05,0,0,"未使用：nil,D 日単位のまとめ
W      週単位のまとめ
M      　月単位の纏め
m     該当オーダの先頭開始日開始日をもとに月単位に纏め
P 　親毎にまとめる。"
89,16705,varchar,50,0,"",0,"",2020-08-06 10:19:44,2099-12-31,2020-08-06 10:19:44,0,0,""
4542,14765,char,2,0,,0,"127.0.0.1",2015-11-29 15:06:12,2099-12-31,2015-11-29 15:06:12,0,0,"まとめオーダフラグ
1バイト目
0:共通
1:受注毎
2:得意先毎
3:プロジェクト毎
4:プロジェクト毎+受注毎
5:納入先毎

2バイト目  予備　
　1バイト目と同じ
"
4543,14766,char,1,0,,0,"127.0.0.1",2015-11-29 15:19:19,2099-12-31,2017-02-05 11:09:52,0,0,"nil,0: ""dummy""
 1:受入時units_id_case毎に在庫を管理する。
　 packnoを01,02,・・・・と順番に採番する。
   在庫の移動もpackno毎に行う"
102,19318,varchar,50,0,"",0,"",2021-03-28 17:14:54,2099-12-31,2021-03-28 17:15:54,0,10,""
101,19317,varchar,50,0,"",0,"",2021-03-28 17:14:25,2099-12-31,2021-03-28 17:16:05,0,10,""
4663,14928,char,1,0, from oracle,0,"127.0.0.1",2015-12-15 23:52:02,2099-12-31,2015-12-15 23:59:37,0,0,"A:親のオーダーに従って子のオーダを自動作成
S:親のオーダーに従って子のオーダを自動作成し出庫する。(shpの時のみ有効）"
4682,15041,char,1,0,,0,"127.0.0.1",2016-01-10 22:10:59,2099-12-31,2016-01-10 22:10:59,0,0,dlvacts作成と同時にcustactsを作成。
4701,15099,timestamp(6),0,0, from oracle,0,"127.0.0.1",2016-01-10 23:53:34,2099-12-31,2016-01-10 23:53:34,0,0,売上日
4703,15101,timestamp(6),0,0,,0,"127.0.0.1",2016-01-11 11:06:22,2099-12-31,2016-01-11 11:06:22,0,0,入金日
4722,15218,char,1,0,,0,"127.0.0.1",2016-01-13 20:10:56,2099-12-31,2016-01-13 20:11:48,0,0,"過剰出庫、入庫を許す許さない。
0,nil 許さない。
1:許す　ただし、金額は変わらず
2:許す　金額も増える。"
90,19059,char,3,0,"",0,,2020-09-27 15:57:02,2099-12-31,2020-09-27 22:32:19,0,100,""
91,19060,char,3,0,"",0,,2020-09-27 15:57:29,2099-12-31,2020-09-27 22:32:21,0,100, 
92,19065,numeric,0,0,"",0,"",2020-10-08 22:33:10,2099-12-31,2020-10-08 22:34:18,22,10,""
93,19087,numeric,0,0,"",0,"",2020-10-18 20:19:14,2099-12-31,2020-10-18 20:19:47,22,0,""
95,19100,numeric,0,0,"",0,"",2020-10-27 11:44:53,2099-12-31,2020-10-27 11:44:53,22,10,""
74,18938,numeric,0,0,"",0,"",2020-04-13 16:20:22,2099-12-31,2020-12-10 16:37:27,22,100,qtyの内、次の状態に移動した数。例trngantts.tblname like '%schs'の時ordsやlotstkhistsに引き当った数。
4901,15966,char,4,0, from oracle,0,"127.0.0.1",2016-06-29 22:54:28,2099-12-31,2016-06-29 22:54:28,0,0,"opeitmsのltの単位
day hour"
97,19145,char,3,0,"",0,"",2021-03-04 16:09:53,2099-12-31,2021-03-04 16:43:19,0,10,""
4981,16245,char,1,0,,0,"127.0.0.1",2016-08-19 15:48:18,2099-12-31,2016-08-19 15:55:00,0,0,"1:packqty 単位にピッキングする。　箱、リール、瓶単位にピッキングすることを想定
packno_flg = 1であること。"
99,19258,varchar,50,0,"",0,"",2021-03-18 20:43:20,2099-12-31,2021-03-18 20:44:07,0,10,""
98,19257,varchar,50,0,"",0,"",2021-03-18 20:42:59,2099-12-31,2021-03-18 20:44:12,0,10,""
100,19270,numeric,0,0,"",0,"",2021-03-23 21:05:31,2099-12-31,2021-03-23 21:11:33,22,10,""
752,3989,numeric,0,0,,0,,2013-11-26 19:26:40,2099-12-31,2013-11-26 19:31:05,38,0,
768,4001,numeric,0,0,,0,,2013-11-29 19:04:07,2099-12-31,2013-12-18 13:34:15,38,0,
821,4045,numeric,0,0,,0,,2013-12-07 12:48:08,2099-12-31,2013-12-07 12:48:08,38,0,
841,4078,numeric,0,0,,0,,2013-12-07 21:48:55,2099-12-31,2013-12-07 21:48:55,38,0,
843,4080,numeric,0,0,,0,,2013-12-07 21:52:01,2099-12-31,2013-12-07 21:52:01,38,0,
5104,16745,char,3,0,,0,"127.0.0.1",2016-12-09 19:49:06,2099-12-31,2016-12-09 22:24:40,0,0,"入力されないときもあるので、ＣＨＡＲにした。
数字だとＺＥＲＯが入ってしまう。"
5126,16805,char,1,0,,0,"127.0.0.1",2016-12-28 15:58:51,2000-01-01,2016-12-28 16:03:43,0,0,"親の完成時
0:チェックなし
1:子部品のマイナス在庫は警告
2:子部品のマイナス在庫はエラー
3:子部品のマイナス在庫は基本エラーだが、入庫指示数でマイナス在庫が補えればエラーにしない。"
861,4121,numeric,0,0,,0,,2013-12-08 13:22:50,2099-12-31,2013-12-18 13:35:26,38,0,
862,4122,numeric,0,0,,0,,2013-12-08 13:29:49,2099-12-31,2013-12-08 13:29:49,38,0,
889,1419,numeric,22,4, from oracle,0,,2013-12-11 21:06:25,2099-12-31,2013-12-11 22:31:45,38,0,
5181,17067,char,1,0,,0,"127.0.0.1",2017-05-04 01:32:37,2099-12-31,2017-05-04 01:32:37,0,0,"xxxInputsで使用。　xxxordsの履歴用。
1:confirm  0:仮　5:確認済　印刷後又はデータ送信後　1となる。
T:test"
893,1579,numeric,22,0, from oracle,0,,2013-12-11 21:06:26,2099-12-31,2013-12-11 22:30:21,38,0,
911,4196,numeric,22,0, from oracle,0,,2013-12-13 01:14:04,2099-12-31,2013-12-13 01:14:04,38,0,
969,1473,numeric,22,6, from oracle,0,,2013-12-15 00:46:12,2099-12-31,2013-12-15 00:46:12,38,0,
971,1459,numeric,22,6, from oracle,0,,2013-12-15 00:46:12,2099-12-31,2013-12-15 00:46:12,38,0,
84,18989,varchar,50,0,"",0,"",2020-05-04 14:50:22,2099-12-31,2020-05-04 15:45:48,0,50,""
1001,4341,numeric,22,0, from oracle,0,,2013-12-18 11:54:08,2099-12-31,2013-12-18 11:54:08,38,0,
1002,1697,numeric,22,0, from oracle,0,,2013-12-18 11:54:09,2099-12-31,2013-12-18 11:54:09,38,0,
1003,1678,numeric,22,0, from oracle,0,,2013-12-18 11:54:09,2099-12-31,2013-12-18 11:54:09,38,0,
1005,1676,numeric,22,0, from oracle,0,,2013-12-18 11:54:09,2099-12-31,2013-12-18 11:54:09,38,0,
1006,1551,numeric,22,0, from oracle,0,,2013-12-18 11:54:09,2099-12-31,2013-12-18 11:54:09,38,0,
1008,1637,numeric,22,0, from oracle,0,,2013-12-18 11:54:09,2099-12-31,2013-12-18 11:54:09,38,0,
970,1661,numeric,0,2, from oracle,0,"127.0.0.1",2013-12-15 00:46:12,2099-12-31,2015-10-08 21:05:05,7,0,横
1014,1695,numeric,22,0, from oracle,0,,2013-12-18 11:54:09,2099-12-31,2013-12-18 11:54:09,38,0,
1018,1496,numeric,22,0, from oracle,0,,2013-12-18 11:54:09,2099-12-31,2013-12-18 11:54:09,38,0,
4,71,varchar,4000,0,"",0,"",2019-08-07 21:47:45,2099-12-31,2019-08-07 21:47:45,0,20,""
85,18990,varchar,50,0,"",0,"",2020-05-04 14:50:26,2099-12-31,2020-05-04 15:45:50,0,60,""
890,1528,numeric,22,4, from oracle,0,"127.0.0.1",2013-12-11 21:06:25,2099-12-31,2015-06-09 00:45:04,18,0,""
968,1474,numeric,0,2, from oracle,0,"127.0.0.1",2013-12-15 00:46:12,2099-12-31,2015-10-08 21:18:06,7,0,""
86,18992,varchar,50,0,"",0,"",2020-05-04 14:50:37,2099-12-31,2020-05-04 15:45:51,0,90,""
883,1453,numeric,22,0, from oracle,0,"127.0.0.1",2013-12-11 21:06:25,2099-12-31,2015-09-19 12:27:07,38,2,""
76,18981,varchar,50,0,"",0,"",2020-05-04 14:44:25,2099-12-31,2020-05-04 15:46:54,0,100,""
56,18522,numeric,0,5,"",0,"",2020-01-08 14:39:34,2099-12-31,2020-01-08 14:39:34,22,10,""
78,18982,varchar,50,0,"",0,"",2020-05-04 14:45:56,2099-12-31,2020-05-04 15:46:57,0,130,""
973,1577,numeric,22,6, from oracle,0,,2013-12-15 00:46:13,2099-12-31,2020-03-22 23:35:10,22,0,
888,1660,numeric,22,6, from oracle,0,"127.0.0.1",2013-12-11 21:06:25,2099-12-31,2020-03-22 23:35:15,22,0,""
82,18987,varchar,50,0,"",0,"",2020-05-04 14:50:15,2099-12-31,2020-05-04 15:45:46,0,20,""
83,18988,varchar,50,0,"",0,"",2020-05-04 14:50:18,2099-12-31,2020-05-04 15:45:47,0,30,""
80,18985,varchar,50,0,"",0,"",2020-05-04 14:47:49,2099-12-31,2020-05-04 15:47:01,0,170,""
79,18983,varchar,50,0,"",0,"",2020-05-04 14:47:19,2099-12-31,2020-05-04 15:47:02,0,160,""
81,18986,varchar,50,0,"",0,"",2020-05-04 14:48:21,2099-12-31,2020-05-04 15:47:06,0,180,""
77,18984,varchar,50,0,"",0,"",2020-05-04 14:44:51,2099-12-31,2020-05-28 16:44:00,0,110,画面等からのsno_xxxxと同時の入力はng
94,19093,numeric,0,5,"",0,"",2020-10-20 09:58:59,2099-12-31,2020-10-20 09:58:59,22,10,""
96,19107,numeric,0,6,"",0,"",2020-11-01 15:25:19,2099-12-31,2020-11-01 15:25:19,22,100,""
972,1415,numeric,22,2, from oracle,0,"127.0.0.1",2013-12-15 00:46:12,2099-12-31,2021-03-04 17:24:35,18,0,""
103,19382,numeric,0,0,"",0,"127.0.0.1",2021-04-06 20:34:25,2099-12-31,2021-04-06 20:34:25,22,500,""
104,19383,numeric,0,0,"",0,"127.0.0.1",2021-04-06 20:34:25,2099-12-31,2021-04-06 20:34:25,22,500,""
105,19384,numeric,0,0,"",0,"127.0.0.1",2021-04-06 20:34:25,2099-12-31,2021-04-06 20:34:25,22,500,""
106,19385,numeric,0,0,"",0,"127.0.0.1",2021-04-06 20:34:25,2099-12-31,2021-04-06 20:34:25,22,500,""
107,19386,numeric,0,0,"",0,"127.0.0.1",2021-04-06 20:34:25,2099-12-31,2021-04-06 20:34:25,22,500,""
108,19387,numeric,0,0,"",0,"127.0.0.1",2021-04-06 20:34:25,2099-12-31,2021-04-06 20:34:25,22,500,""
109,19388,numeric,0,0,"",0,"127.0.0.1",2021-04-06 20:34:25,2099-12-31,2021-04-06 20:34:25,22,500,""
110,19389,numeric,0,0,"",0,"127.0.0.1",2021-04-06 20:34:25,2099-12-31,2021-04-06 20:34:25,22,500,""
1272,1620,numeric,22,4,,0,"127.0.0.1",2014-01-04 10:23:08,2099-12-31,2014-08-09 22:07:20,38,0,
1761,1639,numeric,22,0, from oracle,0,"127.0.0.1",2014-05-02 21:50:08,2099-12-31,2015-03-04 20:50:52,38,0,"同一item_codeに複数の作業工程がある時の順番
stkhistsの工程毎の在庫場所を示すためのkey
999が最終工程になる。"
1763,5501,numeric,22,2, from oracle,0,"127.0.0.1",2014-05-02 21:50:09,2099-12-31,2014-12-14 11:32:36,38,0,期間　リードタイム
1830,5765,numeric,38,0,,0,"127.0.0.1",2014-06-16 22:53:22,2099-12-31,2015-08-16 16:03:43,38,0,発注等まとめる単位
1881,1665,numeric,1,0,,0,"127.0.0.1",2014-06-18 19:24:06,2099-12-31,2015-03-29 16:50:16,38,0,"単価有効桁数-->原則使用しない。単価の桁数は画面でコントロール
例　2　小数点二けた
画面の設定はすべての単価に対しての最大有効桁数を使用する。
"
1882,1430,numeric,1,0, from oracle,0,"127.0.0.1",2014-06-18 19:24:06,2099-12-31,2015-03-29 16:50:30,38,0,"単価有効桁数
例　2　小数点二けた  -2 100単位
画面の設定はすべての金額に対しての最大有効桁数を使用する。
数量と区別するため、わけた。
たとえば　purordsで数量のまとめと、金額のまとめが同時に発生する。"
1270,4631,numeric,22,0, from oracle,0,"127.0.0.1",2014-01-04 10:23:08,2099-12-31,2015-09-19 12:30:01,38,3,""
1301,4681,numeric,22,0, ,0,"127.0.0.1",2014-01-04 19:47:41,2099-12-31,2015-09-19 12:30:09,38,3,""
1481,4963,numeric,22,0,test,0,"127.0.0.1",2014-01-12 23:12:43,2099-12-31,2015-09-19 12:29:27,38,3,""
1543,5021,numeric,22,0, from oracle,0,"127.0.0.1",2014-01-18 18:33:11,2099-12-31,2015-09-19 12:29:35,38,3,""
2161,6406,numeric,22,0,,0,,2014-07-06 15:07:52,2099-12-31,2014-07-06 15:07:52,38,0,
2231,6569,numeric,0,0,,0,,2014-07-10 23:55:57,2099-12-31,2014-07-10 23:55:57,38,0,
2232,6570,numeric,0,0,,0,,2014-07-10 23:56:06,2099-12-31,2014-07-10 23:56:06,38,0,
2233,6619,numeric,0,0,,0,,2014-07-11 01:58:16,2099-12-31,2014-07-11 01:58:16,38,0,
5,72,varchar,4000,0,"",0,"",2019-08-08 01:41:06,2099-12-31,2019-08-08 01:41:06,0,30,""
1561,5041,numeric,22,0, from oracle,0,"127.0.0.1",2014-01-19 20:25:23,2099-12-31,2015-09-19 12:29:54,38,3,""
1802,5703,numeric,22,0, persons_id_chrg  -->chrgpersons_id 廃止,0,"127.0.0.1",2014-06-14 23:13:40,2015-04-11,2015-04-12 00:53:29,38,0,""
1841,5781,numeric,22,0,,0,"127.0.0.1",2014-06-17 21:12:52,2099-12-31,2015-09-19 12:30:41,38,3,""
1883,5841,numeric,22,0, from oracle,0,"127.0.0.1",2014-06-18 21:00:25,2099-12-31,2015-09-19 12:27:29,38,2,""
1884,5842,numeric,22,0, from oracle,0,"127.0.0.1",2014-06-18 21:00:25,2099-12-31,2015-09-19 12:27:43,38,2,""
1888,5846,numeric,22,0, from oracle,0,"127.0.0.1",2014-06-18 21:00:25,2099-12-31,2015-09-19 12:30:58,38,3,""
1885,5843,numeric,0,6,ロスが比率ではなく固定の時は？？　常に2gロス等,0,"127.0.0.1",2014-06-18 21:00:25,2099-12-31,2019-08-26 18:21:08,22,0,親員数
1887,5845,numeric,0,6,,0,"127.0.0.1",2014-06-18 21:00:25,2099-12-31,2019-08-26 18:27:28,22,0,消費用単位
57,18640,numeric,0,0,"",0,"",2020-01-09 09:27:48,2099-12-31,2020-01-09 09:27:48,22,10,""
1165,4487,numeric,0,2, from oracle,0,"127.0.0.1",2013-12-22 21:01:13,2099-12-31,2020-03-11 12:28:08,22,0,高さ
2181,6481,numeric,22,6, from oracle,0,"127.0.0.1",2014-07-06 20:36:17,2099-12-31,2020-03-22 23:35:17,22,0,""
87,18991,varchar,50,0,"",0,"",2020-05-04 15:50:13,2099-12-31,2020-05-04 15:50:13,0,10,""
111,19390,numeric,0,0,"",0,"127.0.0.1",2021-04-06 20:34:25,2099-12-31,2021-04-06 20:34:25,22,500,""
2282,6722,numeric,0,2,,0,"127.0.0.1",2014-07-12 09:52:11,2099-12-31,2017-01-06 23:03:55,5,0,"まとめ期間(発注、作業指示をまとめる期間)　 
まとめ期間によって分かれた発注も、フリーの発注残があると次回の時はfreeに引きあたる。"
2262,6681,numeric,0,5,,0,,2014-07-11 19:52:44,2099-12-31,2014-07-11 20:32:43,38,200,"(22,5)の数字項目"
2402,7041,numeric,0,0,,0,"127.0.0.1",2014-07-19 00:30:54,2099-12-31,2015-02-01 19:38:04,2,0,実行タイミング　-1すぐ実行　0から23。 0時から23時で毎日実行  clockworkによって  未処理データ(result_f= '0')が作成される。
2405,7042,numeric,0,0,,0,"127.0.0.1",2014-07-19 01:08:49,2099-12-31,2014-07-19 01:08:49,3,0,
3124,9204,numeric,22,0, from oracle,0,,2014-11-14 20:04:31,2099-12-31,2014-11-14 20:04:31,38,0,
3125,9205,numeric,22,0, from oracle,0,,2014-11-14 20:04:31,2099-12-31,2014-11-14 20:04:31,38,0,
7,12207,varchar,4000,0,"",0,"",2019-08-08 16:19:09,2099-12-31,2019-08-08 16:19:09,0,50,""
58,18693,varchar,50,0,"",0,"",2020-01-09 17:22:08,2099-12-31,2020-01-09 17:22:08,0,10,""
59,18716,varchar,50,0,"",0,"",2020-01-09 17:46:46,2099-12-31,2020-01-09 17:46:46,0,10,""
2661,7938,numeric,0,0,,0,"127.0.0.1",2014-09-22 21:14:24,2099-12-31,2014-09-27 21:49:57,3,0,
2662,7940,numeric,22,6,,0,"127.0.0.1",2014-09-22 21:22:46,2099-12-31,2020-03-22 23:35:18,22,0,""
88,5022,numeric,0,6,"",0,"",2020-05-07 16:27:14,2099-12-31,2020-05-07 16:27:14,22,10,""
3302,9622,char,3,0, from oracle,0,"127.0.0.1",2014-12-20 07:05:20,2099-12-31,2021-03-04 17:40:45,3,0,"chkord 1,2,3の時　の許容値　% null,100 は無条件の許可　0%は0と同じ"
112,19397,numeric,0,0,"",0,"",2021-04-07 19:54:46,2099-12-31,2021-04-07 19:55:58,22,90,""
117,5603,varchar,50,0,"",0,"",2021-04-16 17:40:06,2099-12-31,2021-04-16 17:40:23,0,10,""
118,19503,numeric,0,0,"",0,"",2021-04-28 13:29:18,2099-12-31,2021-04-28 13:30:18,22,10,""
3941,12203,numeric,0,0,,0,"127.0.0.1",2015-06-06 11:29:39,2099-12-31,2015-06-06 11:29:39,38,0,
8,76,char,1,0,"",0,"",2019-08-08 20:50:15,2099-12-31,2019-08-08 20:50:15,0,100,"0:対象外　1:副産物"
4001,12501,numeric,0,2,,0,"127.0.0.1",2015-06-27 11:47:59,2099-12-31,2015-06-27 11:47:59,2,0,""
60,18721,numeric,0,0,"",0,"",2020-01-10 14:11:21,2099-12-31,2020-01-10 14:11:21,22,10,""
4381,13781,numeric,22,6, from oracle,0,"127.0.0.1",2015-09-28 20:55:47,2099-12-31,2020-03-22 23:35:21,22,0,残数
113,19404,numeric,0,0,"",0,"",2021-04-07 20:34:27,2099-12-31,2021-04-07 20:34:27,0,600,""
119,19514,numeric,0,0,"",0,"",2021-04-28 14:56:11,2099-12-31,2021-04-28 14:57:14,22,50,""
4404,13910,numeric,0,2,,0,"127.0.0.1",2015-10-08 20:42:56,2099-12-31,2015-10-08 20:42:56,7,0,縦
4405,13919,numeric,0,2,,0,"127.0.0.1",2015-10-08 21:22:10,2099-12-31,2015-10-08 21:22:10,7,0,外寸縦
4406,13920,numeric,0,2,,0,"127.0.0.1",2015-10-08 21:22:48,2099-12-31,2015-10-08 21:22:48,7,0,外寸横
4407,13921,numeric,0,2,,0,"127.0.0.1",2015-10-08 21:23:34,2099-12-31,2015-10-08 21:23:34,7,0,外寸高さ
4581,14845,numeric,3,0,,0,"127.0.0.1",2015-12-07 01:27:46,2099-12-31,2015-12-07 19:25:22,3,0,instsを作成するときの、対象範囲期間　単位は日で固定
4661,14925,numeric,3,0,,0,"127.0.0.1",2015-12-15 22:19:46,2099-12-31,2016-08-27 20:13:09,3,0,ordsを作成するときの、対象範囲期間　単位は日で固定
4746,15230,numeric,0,0,,0,"127.0.0.1",2016-01-19 21:56:45,2099-12-31,2016-01-19 21:56:45,2,0,"10:前月11日から当月10日まで
15,20・・・・後同様
88:当月
99:前月
0:当日
-1:売り上げ即請求"
4961,16206,numeric,3,0,,0,"127.0.0.1",2016-08-10 19:30:46,2099-12-31,2016-09-19 21:57:56,3,0,instからautoを自動作成する期間
1013,1725,varchar,100,0, from oracle,0,"127.0.0.1",2013-12-18 11:54:09,2099-12-31,2019-09-05 16:47:55,0,0,入力ルールがあるもの。グループとして入力するもの。
892,1710,varchar,40,0,,0,"127.0.0.1",2013-12-11 21:06:26,2099-12-31,2019-12-12 16:04:28,0,0,"テーブル毎にシステムでユニークにする番号
id.to_sをsnoにすることを基本としている。 必須項目"
61,18727,varchar,50,0,"",0,"",2020-01-11 20:37:07,2099-12-31,2020-01-11 20:37:07,0,50,""
5161,17025,numeric,22,4,,0,"127.0.0.1",2017-04-09 21:22:27,2000-01-01,2020-01-18 19:59:59,18,0,""
1765,1464,varchar,5,0,,0,"127.0.0.1",2014-05-02 21:50:09,2099-12-31,2021-02-11 14:57:21,0,0,作業内容ファントムを追加予定prd 製造　社内作業　 locas_idで作業して次工程へ自動移動pur 購入　locas_idで購入して、業者が次工程へ納品。社外加工　一旦locas_idに受入、保管し作業場所へ
762,1457,varchar,4000,0,,0,"127.0.0.1",2013-11-29 18:57:10,2099-12-31,2015-10-25 12:05:49,0,0,システムがセットする備考
810,744,varchar,50,0,,0,"127.0.0.1",2013-12-07 03:11:19,2099-12-31,2015-09-19 12:24:26,0,10,ユニークkeyの一部であること。
921,1456,varchar,100,0, from oracle,0,"127.0.0.1",2013-12-14 01:29:56,2099-12-31,2015-09-19 12:25:02,0,15,codeに対応する名称として登録される
981,1595,varchar,19,0, from oracle,0,"127.0.0.1",2013-12-17 20:12:08,2099-12-31,2014-09-25 21:19:06,0,0,"[['',""all""],[:tbl_field,'table_field'],[:view_field,'view_field'],[:screen,'screen'],[:report,'report'],[:tbl,'table'],[:view,'view'],[:button,'button'],[:ruby,'ruby'],[:fix_char,'fix_char'],[:err_msg,'msg']]"
1007,1696,varchar,30,0,,0,"127.0.0.1",2013-12-18 11:54:09,2099-12-31,2015-09-12 09:29:52,0,0,検索用screen_codeを指定。
1009,1726,varchar,12,0, from oracle,0,"127.0.0.1",2013-12-18 11:54:09,2099-12-31,2015-10-08 12:23:22,0,0,具体的名前に変更予定
1022,1724,varchar,800,0, from oracle,0,,2013-12-18 11:54:09,2099-12-31,2014-07-12 02:12:50,0,0,
1076,1727,varchar,15,0, from oracle,0,"127.0.0.1",2013-12-20 13:54:34,2099-12-31,2015-10-08 11:44:22,0,0,dbのfield type
114,19419,varchar,50,0,"",0,"",2021-04-08 22:20:36,2099-12-31,2021-04-08 22:21:04,0,10,""
120,19528,numeric,0,2,"",0,"",2021-04-29 14:56:32,2099-12-31,2021-04-29 14:58:11,22,10,""
1744,1656,varchar,20,0, from oracle,0,"127.0.0.1",2014-03-23 14:08:31,2099-12-31,2016-01-13 20:03:44,0,0,県名
1074,4041,varchar,4000,0, from oracle,0,,2013-12-20 13:54:34,2099-12-31,2019-08-02 00:00:00,0,0,
765,1461,varchar,40,0,,0,,2013-11-29 19:00:19,2099-12-31,2013-11-29 19:00:19,0,0,
891,1491,varchar,40,0, from oracle,0,,2013-12-11 21:06:25,2099-12-31,2013-12-11 22:32:29,0,0,
944,1631,varchar,30,0, from oracle,0,,2013-12-14 10:55:23,2099-12-31,2013-12-14 10:55:23,0,0,
964,1578,varchar,50,0, from oracle,0,,2013-12-15 00:46:12,2099-12-31,2013-12-15 00:46:12,0,0,
965,1615,varchar,50,0, from oracle,0,,2013-12-15 00:46:12,2099-12-31,2013-12-15 00:46:12,0,0,
966,1523,varchar,50,0, from oracle,0,,2013-12-15 00:46:12,2099-12-31,2013-12-15 00:46:12,0,0,
967,1475,varchar,50,0, from oracle,0,,2013-12-15 00:46:12,2099-12-31,2013-12-15 00:46:12,0,0,
984,1552,varchar,4000,0, from oracle,0,,2013-12-17 20:12:08,2099-12-31,2013-12-17 20:12:08,0,0,　
1025,1723,varchar,100,0, from oracle,0,,2013-12-18 11:54:09,2099-12-31,2013-12-18 11:54:09,0,0,
1122,1472,varchar,50,0, from oracle,0,,2013-12-21 19:32:02,2099-12-31,2013-12-21 19:32:02,0,0,
1162,4484,varchar,4000,0, from oracle,0,,2013-12-22 21:01:13,2099-12-31,2013-12-22 21:01:13,0,0,
1164,4486,varchar,30,0, from oracle,0,,2013-12-22 21:01:13,2099-12-31,2013-12-22 21:01:13,0,0,
1166,1428,varchar,4000,0, from oracle,0,,2013-12-22 21:01:14,2099-12-31,2013-12-22 21:01:14,0,0,
9,77,varchar,4000,0,"",0,"",2019-08-08 21:22:50,2099-12-31,2019-08-08 21:22:50,0,160,""
2442,7129,varchar,256,0,,0,"127.0.0.1",2014-07-19 12:33:14,2099-12-31,2014-10-25 00:55:43,0,0,""
2642,6561,varchar,250,0,,0,"127.0.0.1",2014-09-14 13:23:07,2099-12-31,2014-10-04 21:53:49,0,0,""
2746,8122,varchar,250,0,,0,"127.0.0.1",2014-10-05 16:51:12,2099-12-31,2014-10-05 16:51:12,0,0,""
2901,8721,varchar,50,0, from oracle,0,"127.0.0.1",2014-10-25 21:33:47,2099-12-31,2014-10-25 21:33:47,0,0,""
2904,8724,varchar,50,0, from oracle,0,"127.0.0.1",2014-10-25 21:34:22,2099-12-31,2014-10-25 21:34:22,0,0,""
2941,8781,varchar,50,0, from oracle,0,"127.0.0.1",2014-10-26 18:07:00,2099-12-31,2014-10-26 18:07:00,0,0,""
2942,8782,varchar,50,0, from oracle,0,"127.0.0.1",2014-10-26 18:08:50,2099-12-31,2014-10-26 18:08:50,0,0,""
3341,9681,varchar,2000,0, from oracle,0,"127.0.0.1",2014-12-22 18:24:20,2099-12-31,2014-12-22 18:24:20,0,0,""
3944,12206,varchar,10,0,,0,"127.0.0.1",2015-06-06 11:35:05,2099-12-31,2015-06-06 11:35:05,0,0,""
3484,10502,varchar,40,0,,0,"127.0.0.1",2015-02-20 20:22:32,2099-12-31,2020-01-12 16:38:21,0,50,"注文単位別key  ユニーク性は保証されない。 
一枚の注文書に複数の品目がある時、その注文書の識別key"
2261,6661,varchar,30,0,,0,,2014-07-11 19:42:20,2099-12-31,2014-07-11 19:42:20,0,100,
2301,6821,varchar,4000,0,,0,,2014-07-13 00:18:49,2099-12-31,2014-07-16 21:07:17,0,0,プログラム内で使用指定しているhashの値を利用する
2321,6881,varchar,4000,0, from oracle,0,,2014-07-13 08:46:49,2099-12-31,2014-07-13 08:46:49,0,0,登録時keyが重複していた時の処理
2322,6882,varchar,4000,0, from oracle,0,,2014-07-13 08:47:14,2099-12-31,2014-07-13 08:47:14,0,0,修正時keyが無いとき時の処理
2323,6883,varchar,4000,0, from oracle,0,,2014-07-13 08:47:24,2099-12-31,2014-07-13 08:47:24,0,0,削除時keyが無いとき時の処理
2384,7017,varchar,4000,0,,0,"127.0.0.1",2014-07-18 06:48:04,2099-12-31,2014-07-18 06:48:04,0,0,　
2421,7076,varchar,4000,0,,0,"127.0.0.1",2014-07-19 10:39:01,2099-12-31,2014-07-19 10:39:01,0,0,対策
2466,7172,varchar,30,0, ,0,"127.0.0.1",2014-07-22 22:48:40,2099-12-31,2014-07-22 22:48:40,0,0,"画面又はexcel取り込みの、源流テーブル
"
2481,7262,varchar,15,0,,0,"127.0.0.1",2014-07-26 18:01:08,2099-12-31,2014-08-09 14:59:56,0,0,前(before)か後(after)か
2521,7397,varchar,400,0,,0,"127.0.0.1",2014-08-09 04:34:05,2099-12-31,2014-12-01 19:50:37,0,100,
2681,8026,varchar,50,0,,0,"127.0.0.1",2014-09-26 20:24:39,2099-12-31,2016-09-19 10:14:49,0,0,未定の時　dummy
3061,8902,varchar,30,0, ,0,"127.0.0.1",2014-11-01 13:01:54,2099-12-31,2014-11-01 13:01:54,0,0,
3062,8903,varchar,30,0, ,0,"127.0.0.1",2014-11-01 13:02:14,2099-12-31,2014-11-01 13:02:14,0,0,
3221,9503,varchar,30,0,,0,"127.0.0.1",2014-12-06 20:40:30,2099-12-31,2015-05-06 11:00:33,0,0,"レコードの照会、更新
　/_add_/ 追加
 /_edit_/ 更新
 /_delete_/ 削除

入力タイプ
　/_screen_/画面
　/_sheet_/ excel
その他
　/_reply_/ 回答"
3282,9603,varchar,10,0,,0,"127.0.0.1",2014-12-14 16:56:28,2099-12-31,2015-11-29 11:17:23,0,0,"購入時　瓶単位、巻単位,リール単位で買ったときそれを識別する番号"
3561,10642,varchar,100,0,,0,"127.0.0.1",2015-02-26 23:41:08,2099-12-31,2015-02-26 23:41:08,0,0,"・custestsとcustordsの紐つけkey anoを用意する。 
・anoはcustschsとcustordsにセットされる。 
・anoはユニークkeyにならない。 
・ano にitm_code,prjnos_codeは必須 
　得意先又は担当者又は部署等もkeyとして付加する。 "
3681,10961,varchar,2,0, from oracle,0,"127.0.0.1",2015-03-20 23:28:28,2099-12-31,2015-03-20 23:28:28,0,0,"amt = qty * price 時の有効桁数での丸め処理
-1:切り捨て　2:四捨五入 3:切り上げ"
3861,13483,varchar,50,0,,0,"127.0.0.1",2015-04-26 07:08:06,2099-12-31,2015-09-13 11:10:42,0,0,mkxxxx用項目
3881,11782,varchar,50,0,,0,"127.0.0.1",2015-04-26 09:21:15,2099-12-31,2015-10-13 21:49:37,0,0,xxxrets mkxxxx用項目
3961,12244,varchar,30,0,,0,"127.0.0.1",2015-06-07 15:59:49,2099-12-31,2017-01-14 20:19:43,0,0,"alloc : 引当て済
free : free　
 下記のsqlと同じ
 where srctblname = 'trngantts' 	and destblname = 'gantt[""trngantt_orgtblname""]'
 and destblid =  gantt[""trngantt_orgtblid""]"
4003,12503,varchar,2,0, from oracle,0,"127.0.0.1",2015-06-27 11:54:13,2099-12-31,2015-06-27 11:54:13,0,0,"丸め処理
-1:切り捨て　2:四捨五入 3:切り上げ"
62,18728,varchar,50,0,"",0,"",2020-01-12 16:41:12,2099-12-31,2020-01-12 16:41:12,0,55,""
2045,6124,varchar,4000,0,,0,,2014-06-28 12:27:26,2099-12-31,2014-06-28 12:27:26,0,0,view field 作成用項目
10,80,varchar,10,0,"",0,"",2019-08-09 01:47:25,2099-12-31,2019-08-09 01:47:25,0,100,""
63,18729,varchar,50,0,"",0,"",2020-01-12 16:41:13,2099-12-31,2020-01-12 16:41:13,0,55,""
3361,9721,varchar,50,0, from oracle,0,"127.0.0.1",2014-12-26 19:56:55,2099-12-31,2020-05-04 15:47:04,0,0,xxxactsにセットされる。
3493,10505,varchar,50,0,,0,"127.0.0.1",2015-02-20 20:55:41,2099-12-31,2020-05-04 15:47:10,0,0,"得意先からのｋｅｙ
受注オーダと受注納入指示の紐つけｋｅｙ
(custs_id+itms_id+cnoでユニークｋｅｙになる。）
必須項目"
3641,10921,varchar,50,0, from oracle,0,"127.0.0.1",2015-03-19 16:49:41,2099-12-31,2020-05-04 15:48:13,0,0,必須項目
3321,9627,varchar,50,0, from oracle,0,"127.0.0.1",2014-12-20 20:10:26,2099-12-31,2020-05-04 15:48:14,0,0,必須項目
2922,8742,timestamp(6),0,0,,0,"127.0.0.1",2014-10-26 00:53:33,2099-12-31,2020-09-29 10:02:55,0,0,mkxxxxででレコードの選択に使用データ抽出に使用する
3262,9544,varchar,50,0, from oracle,0,"127.0.0.1",2014-12-07 11:19:28,2099-12-31,2020-05-04 15:48:17,0,0,検索用
2801,8385,varchar,50,0, from oracle,0,"127.0.0.1",2014-10-22 23:31:24,2099-12-31,2020-05-04 15:48:18,0,0,検索用
3285,9606,varchar,50,0, from oracle,0,"127.0.0.1",2014-12-19 20:25:56,2000-01-01,2020-05-28 16:42:11,0,0,"instsの元のテーブルxxxordsのsno
xxxordsをまとめてinstsを作成する時にはdummyをセットする。
内訳はテーブルordsinsthdrsにセットされる。"
3205,9426,varchar,40,0,,0,"127.0.0.1",2014-11-29 15:11:57,2099-12-31,2020-12-11 14:15:49,0,0,得意先、業者、又は作業現場からのｋｅｙ。得意先、業者、作業現場+cnoでユニーク
2122,6421,varchar,40,0,,0,"127.0.0.1",2014-07-06 02:57:42,2099-12-31,2020-11-20 14:13:44,0,0,"feepayment　有償支給(出庫時有償支給) ,common_inventry常に最低限の在庫を確保している品目"
115,19420,numeric,0,0,"",0,"",2021-04-11 15:20:16,2099-12-31,2021-04-11 15:22:22,22,10,""
4241,13443,varchar,100,0,,0,"127.0.0.1",2015-09-12 09:53:51,2099-12-31,2015-09-19 12:24:44,0,11,"ユニークkeyの一部であること。
codeのレングスの長い版"
4261,13482,varchar,50,0,,0,"127.0.0.1",2015-09-13 11:01:56,2099-12-31,2015-09-13 11:01:56,0,0,mkord抽出用
4265,13484,varchar,100,0,,0,"127.0.0.1",2015-09-13 11:15:30,2099-12-31,2015-09-13 11:15:30,0,0,
4267,13486,varchar,100,0,,0,"127.0.0.1",2015-09-13 11:18:02,2099-12-31,2015-09-13 11:18:02,0,0,
4270,13487,varchar,50,0,,0,"127.0.0.1",2015-09-13 11:39:08,2099-12-31,2015-09-13 11:48:19,0,0,mkords用
4276,13494,varchar,50,0,,0,"127.0.0.1",2015-09-13 11:49:48,2099-12-31,2015-09-13 11:49:48,0,0,mkords用
4277,13495,varchar,50,0,,0,"127.0.0.1",2015-09-13 11:50:21,2099-12-31,2015-09-13 11:50:21,0,0,mkords用
4278,13496,varchar,100,0,,0,"127.0.0.1",2015-09-13 11:51:02,2099-12-31,2015-09-13 11:51:02,0,0,mkords
4280,13497,varchar,100,0,,0,"127.0.0.1",2015-09-13 11:52:03,2099-12-31,2015-09-13 11:52:03,0,0,mkords
4282,13498,varchar,100,0,,0,"127.0.0.1",2015-09-13 11:53:14,2099-12-31,2015-09-13 11:53:14,0,0,mkords
4283,13499,varchar,50,0,,0,"127.0.0.1",2015-09-13 12:01:40,2099-12-31,2015-09-13 12:01:40,0,0,mkord
4284,13500,varchar,100,0, from oracle,0,"127.0.0.1",2015-09-13 12:02:34,2099-12-31,2015-09-13 12:02:34,0,0,mkords
4285,13501,varchar,50,0,,0,"127.0.0.1",2015-09-13 12:05:58,2099-12-31,2015-09-13 12:07:18,0,0,mkords
4286,13503,varchar,50,0,,0,"127.0.0.1",2015-09-13 12:06:47,2099-12-31,2015-09-13 12:06:47,0,0,mkords
4287,13502,varchar,50,0,,0,"127.0.0.1",2015-09-13 12:07:47,2099-12-31,2015-09-13 12:07:47,0,0,mkords
4288,13504,varchar,100,0, from oracle,0,"127.0.0.1",2015-09-13 12:08:48,2099-12-31,2015-09-13 12:08:48,0,0,mkords 
4289,13505,varchar,100,0, from oracle,0,"127.0.0.1",2015-09-13 12:09:04,2099-12-31,2015-09-13 12:09:04,0,0,mkords 
4290,13506,varchar,100,0, from oracle,0,"127.0.0.1",2015-09-13 12:09:17,2099-12-31,2015-09-13 12:09:17,0,0,mkords 
4304,13526,varchar,50,0,,0,"127.0.0.1",2015-09-14 20:22:28,2099-12-31,2015-09-14 20:22:28,0,0,mkords
4305,13527,varchar,50,0,,0,"127.0.0.1",2015-09-14 20:22:40,2099-12-31,2015-09-14 20:22:40,0,0,mkords
4306,13528,varchar,100,0, from oracle,0,"127.0.0.1",2015-09-14 20:24:35,2099-12-31,2015-09-14 20:24:35,0,0,mkords 
4307,13529,varchar,100,0, from oracle,0,"127.0.0.1",2015-09-14 20:24:43,2099-12-31,2015-09-14 20:24:43,0,0,mkords 
4321,13541,varchar,30,0, ,0,"127.0.0.1",2015-09-18 17:04:14,2099-12-31,2015-09-18 17:04:14,0,0,trndetailsのtree構造の親
4401,13905,varchar,50,0,,0,"127.0.0.1",2015-10-07 01:14:40,2099-12-31,2015-10-07 01:14:40,0,0,"入荷時、出庫時の荷姿
units_idとの整合性はない。
例　段ボール　30*40*20"
4403,13909,varchar,20,0,,0,"127.0.0.1",2015-10-08 12:25:24,2099-12-31,2015-10-08 12:25:24,0,0,箱タイプ　例　ミカン箱
4484,14388,varchar,30,0, ,0,"127.0.0.1",2015-11-02 19:12:57,2099-12-31,2015-11-02 19:12:57,0,0,
4641,14906,varchar,50,0,,0,"127.0.0.1",2015-12-14 19:55:14,2099-12-31,2015-12-14 19:55:14,0,0,"業者、得意先の品目コード
itm_codeと同じときはdummyでもよい。"
4721,15105,varchar,30,0,,0,"127.0.0.1",2016-01-12 20:42:30,2099-12-31,2016-01-12 20:42:30,0,0,輸送業者の検索key
4744,15229,varchar,30,0,,0,"127.0.0.1",2016-01-19 20:32:04,2099-12-31,2016-01-19 20:32:04,0,0,輸送業者の検索key
4861,15705,varchar,18,0,,0,"127.0.0.1",2016-05-29 09:46:11,2099-12-31,2016-05-29 09:46:11,0,0,"mkxxxxででレコードの選択に使用
データ抽出に使用するので、タイプはvarchar
"
4881,15845,varchar,50,0,,0,"127.0.0.1",2016-05-30 20:42:58,2099-12-31,2016-05-30 20:42:58,0,10,
5221,17185,varchar,20,0,,0,"127.0.0.1",2017-07-23 23:20:49,2099-12-31,2017-07-23 23:20:49,0,10,"user session counterの文字タイプ
dummyを使用するため文字タイプにした。 "
5241,17285,varchar,4000,0,,0,"127.0.0.1",2017-08-08 23:56:17,2099-12-31,2017-08-08 23:56:17,0,10,
11,81,varchar,10,0,"",0,"",2019-08-09 16:13:05,2099-12-31,2019-08-09 16:13:05,0,160,""
4129,12926,varchar,30,0, from oracle,0,"127.0.0.1",2015-08-26 23:09:05,2099-12-31,2015-08-26 23:09:05,0,0,""
4062,12778,varchar,50,0,,0,"127.0.0.1",2015-07-20 20:35:26,2099-12-31,2020-05-04 15:47:13,0,0,"テーブル毎にシステムでユニークにする番号
id.to_sをsnoにすることを基本としている。
追加には、自動的にindexを作製するが、削除は対応してない。
必須項目"
4101,9430,varchar,50,0,,0,"127.0.0.1",2015-08-16 21:20:24,2099-12-31,2020-05-04 15:47:14,0,0,検索用
4122,12922,varchar,50,0,,0,"127.0.0.1",2015-08-26 21:44:53,2099-12-31,2020-05-04 15:47:16,0,0,検索用
4323,13543,varchar,50,0,,0,"127.0.0.1",2015-09-18 17:49:13,2099-12-31,2020-05-04 15:47:18,0,0,検索用
4863,15803,varchar,50,0, from oracle,0,"127.0.0.1",2016-05-29 10:26:34,2099-12-31,2020-05-04 15:47:19,0,0,必須項目
4862,15802,varchar,50,0, from oracle,0,"127.0.0.1",2016-05-29 10:26:22,2099-12-31,2020-05-04 15:48:10,0,0,必須項目
4741,15225,varchar,50,0, from oracle,0,"127.0.0.1",2016-01-17 10:02:41,2099-12-31,2020-05-04 15:48:11,0,0,必須項目
4125,12921,varchar,50,0,,0,"127.0.0.1",2015-08-26 21:55:35,2099-12-31,2020-05-04 15:48:12,0,0,検索用
4326,13547,timestamp(6),0,0,,0,"127.0.0.1",2015-09-18 17:51:51,2099-12-31,2020-09-29 10:01:19,0,0,mkxxxxででレコードの選択に使用データ抽出に使用する
4128,12925,timestamp(6),0,0,,0,"127.0.0.1",2015-08-26 22:57:14,2099-12-31,2020-09-29 10:02:00,0,0,mkxxxxででレコードの選択に使用データ抽出に使用する
5261,13481,varchar,50,0,,0,"127.0.0.1",2017-08-12 12:07:26,2099-12-31,2017-08-12 12:07:26,0,10,ユニークkeyの一部であること。
5262,17365,varchar,100,0,,0,"127.0.0.1",2017-08-12 12:09:35,2099-12-31,2017-08-12 12:09:35,0,0,mkords 
5263,17366,varchar,50,0,,0,"127.0.0.1",2017-08-12 12:14:13,2099-12-31,2017-08-12 12:14:13,0,0,mkords
5264,17367,varchar,100,0,,0,"127.0.0.1",2017-08-12 12:14:37,2099-12-31,2017-08-12 12:14:37,0,0,mkords
116,19437,numeric,0,0,"",0,"",2021-04-15 11:16:28,2099-12-31,2021-04-15 11:17:32,22,10,""
