"buttons_id","id","expiredate","contents","remark","persons_id_upd","update_ip","created_at","updated_at","screens_id_ub"
3,1,2099-12-31,,,0,,,,10
4,2,2099-12-31,,,0,,,,10
5,3,2099-12-31,,,0,,,,10
6,4,2099-12-31,,,0,,,,10
7,5,2099-12-31,,,0,,,,10
8,6,2099-12-31,,,0,,,,10
1,15,2099-12-31,,,0,,,,164
2,16,2099-12-31,,,0,,,,164
3,17,2099-12-31,,,0,,,,164
4,18,2099-12-31,,,0,,,,164
5,19,2099-12-31,,,0,,,,164
6,20,2099-12-31,,,0,,,,164
7,21,2099-12-31,,,0,,,,164
8,22,2099-12-31,,,0,,,,164
1,31,2099-12-31,,,0,,,,27
2,32,2099-12-31,,,0,,,,27
3,33,2099-12-31,,,0,,,,27
4,34,2099-12-31,,,0,,,,27
5,35,2099-12-31,,,0,,,,27
6,36,2099-12-31,,,0,,,,27
7,37,2099-12-31,,,0,,,,27
8,38,2099-12-31,,,0,,,,27
1,47,2099-12-31,,,0,,,,25
2,48,2099-12-31,,,0,,,,25
3,49,2099-12-31,,,0,,,,25
4,50,2099-12-31,,,0,,,,25
5,51,2099-12-31,,,0,,,,25
6,52,2099-12-31,,,0,,,,25
7,53,2099-12-31,,,0,,,,25
8,54,2099-12-31,,,0,,,,25
1,71,2099-12-31,,,0,,,,242
2,72,2099-12-31,,,0,,,,242
3,73,2099-12-31,,,0,,,,242
4,74,2099-12-31,,,0,,,,242
5,75,2099-12-31,,,0,,,,242
6,76,2099-12-31,,,0,,,,242
7,77,2099-12-31,,,0,,,,242
8,78,2099-12-31,,,0,,,,242
104,91,2099-12-31,,,0,,,,28
102,92,2099-12-31,,,0,,,,28
1,94,2099-12-31,,,0,,,,35
2,95,2099-12-31,,,0,,,,35
3,96,2099-12-31,,,0,,,,35
4,97,2099-12-31,,,0,,,,35
5,98,2099-12-31,,,0,,,,35
6,99,2099-12-31,,,0,,,,35
7,100,2099-12-31,,,0,,,,35
8,101,2099-12-31,,,0,,,,35
2,103,2099-12-31,,,0,,,,26
8,109,2099-12-31,,,0,,,,26
1,126,2099-12-31,,,0,,,,5
2,127,2099-12-31,,,0,,,,5
3,128,2099-12-31,,,0,,,,5
4,129,2099-12-31,,,0,,,,5
5,130,2099-12-31,,,0,,,,5
6,131,2099-12-31,,,0,,,,5
7,132,2099-12-31,,,0,,,,5
8,133,2099-12-31,,,0,,,,5
1,134,2099-12-31,,,0,,,,8
2,135,2099-12-31,,,0,,,,8
3,136,2099-12-31,,,0,,,,8
4,137,2099-12-31,,,0,,,,8
5,138,2099-12-31,,,0,,,,8
6,139,2099-12-31,,,0,,,,8
7,140,2099-12-31,,,0,,,,8
8,141,2099-12-31,,,0,,,,8
1,142,2099-12-31,,,0,,,,9
2,143,2099-12-31,,,0,,,,9
3,144,2099-12-31,,,0,,,,9
4,145,2099-12-31,,,0,,,,9
5,146,2099-12-31,,,0,,,,9
6,147,2099-12-31,,,0,,,,9
7,148,2099-12-31,,,0,,,,9
8,149,2099-12-31,,,0,,,,9
1,150,2099-12-31,,,0,,,,20
2,151,2099-12-31,,,0,,,,20
3,152,2099-12-31,,,0,,,,20
4,153,2099-12-31,,,0,,,,20
5,154,2099-12-31,,,0,,,,20
6,155,2099-12-31,,,0,,,,20
7,156,2099-12-31,,,0,,,,20
8,157,2099-12-31,,,0,,,,20
1,158,2099-12-31,,,0,,,,19
2,159,2099-12-31,,,0,,,,19
3,160,2099-12-31,,,0,,,,19
4,161,2099-12-31,,,0,,,,19
5,162,2099-12-31,,,0,,,,19
6,163,2099-12-31,,,0,,,,19
7,164,2099-12-31,,,0,,,,19
8,165,2099-12-31,,,0,,,,19
1,174,2099-12-31,,,0,,,,101
2,175,2099-12-31,,,0,,,,101
3,176,2099-12-31,,,0,,,,101
4,177,2099-12-31,,,0,,,,101
5,178,2099-12-31,,,0,,,,101
6,179,2099-12-31,,,0,,,,101
7,180,2099-12-31,,,0,,,,101
8,181,2099-12-31,,,0,,,,101
1,198,2099-12-31,,,0,,,,31
2,199,2099-12-31,,,0,,,,31
3,200,2099-12-31,,,0,,,,31
4,201,2099-12-31,,,0,,,,31
5,202,2099-12-31,,,0,,,,31
6,203,2099-12-31,,,0,,,,31
7,204,2099-12-31,,,0,,,,31
8,205,2099-12-31,,,0,,,,31
1,206,2099-12-31,,,0,,,,11
2,207,2099-12-31,,,0,,,,11
3,208,2099-12-31,,,0,,,,11
4,209,2099-12-31,,,0,,,,11
5,210,2099-12-31,,,0,,,,11
6,211,2099-12-31,,,0,,,,11
7,212,2099-12-31,,,0,,,,11
8,213,2099-12-31,,,0,,,,11
1,214,2099-12-31,,,0,,,,33
6,219,2099-12-31,,,0,,,,33
7,220,2099-12-31,,,0,,,,33
8,221,2099-12-31,,,0,,,,33
1,222,2099-12-31,,,0,,,,29
2,223,2099-12-31,,,0,,,,29
3,224,2099-12-31,,,0,,,,29
4,225,2099-12-31,,,0,,,,29
5,226,2099-12-31,,,0,,,,29
6,227,2099-12-31,,,0,,,,29
7,228,2099-12-31,,,0,,,,29
8,229,2099-12-31,,,0,,,,29
1,238,2099-12-31,,,0,,,,34
2,239,2099-12-31,,,0,,,,34
3,240,2099-12-31,,,0,,,,34
4,241,2099-12-31,,,0,,,,34
5,242,2099-12-31,,,0,,,,34
6,243,2099-12-31,,,0,,,,34
7,244,2099-12-31,,,0,,,,34
8,245,2099-12-31,,,0,,,,34
1,246,2099-12-31,,,0,,,,21
2,247,2099-12-31,,,0,,,,21
3,248,2099-12-31,,,0,,,,21
4,249,2099-12-31,,,0,,,,21
5,250,2099-12-31,,,0,,,,21
6,251,2099-12-31,,,0,,,,21
7,252,2099-12-31,,,0,,,,21
8,253,2099-12-31,,,0,,,,21
1,254,2099-12-31,,,0,,,,41
2,255,2099-12-31,,,0,,,,41
3,256,2099-12-31,,,0,,,,41
4,257,2099-12-31,,,0,,,,41
5,258,2099-12-31,,,0,,,,41
6,259,2099-12-31,,,0,,,,41
7,260,2099-12-31,,,0,,,,41
8,261,2099-12-31,,,0,,,,41
1,262,2099-12-31,,,0,,,,6
2,263,2099-12-31,,,0,,,,6
3,264,2099-12-31,,,0,,,,6
4,265,2099-12-31,,,0,,,,6
5,266,2099-12-31,,,0,,,,6
6,267,2099-12-31,,,0,,,,6
7,268,2099-12-31,,,0,,,,6
8,269,2099-12-31,,,0,,,,6
1,278,2099-12-31,,,0,,,,30
2,279,2099-12-31,,,0,,,,30
3,280,2099-12-31,,,0,,,,30
4,281,2099-12-31,,,0,,,,30
5,282,2099-12-31,,,0,,,,30
6,283,2099-12-31,,,0,,,,30
7,284,2099-12-31,,,0,,,,30
8,285,2099-12-31,,,0,,,,30
1,286,2099-12-31,,,0,,,,17
2,287,2099-12-31,,,0,,,,17
3,288,2099-12-31,,,0,,,,17
4,289,2099-12-31,,,0,,,,17
5,290,2099-12-31,,,0,,,,17
6,291,2099-12-31,,,0,,,,17
7,292,2099-12-31,,,0,,,,17
8,293,2099-12-31,,,0,,,,17
1,294,2099-12-31,,,0,,,,7
2,295,2099-12-31,,,0,,,,7
3,296,2099-12-31,,,0,,,,7
4,297,2099-12-31,,,0,,,,7
5,298,2099-12-31,,,0,,,,7
6,299,2099-12-31,,,0,,,,7
7,300,2099-12-31,,,0,,,,7
8,301,2099-12-31,,,0,,,,7
1,302,2099-12-31,,,0,,,,61
2,303,2099-12-31,,,0,,,,61
3,304,2099-12-31,,,0,,,,61
4,305,2099-12-31,,,0,,,,61
5,306,2099-12-31,,,0,,,,61
6,307,2099-12-31,,,0,,,,61
7,308,2099-12-31,,,0,,,,61
8,309,2099-12-31,,,0,,,,61
1,310,2099-12-31,,,0,,,,28
2,311,2099-12-31,,,0,,,,28
3,312,2099-12-31,,,0,,,,28
4,313,2099-12-31,,,0,,,,28
5,314,2099-12-31,,,0,,,,28
6,315,2099-12-31,,,0,,,,28
7,316,2099-12-31,,,0,,,,28
1,318,2099-12-31,,,0,,,,22
2,319,2099-12-31,,,0,,,,22
3,320,2099-12-31,,,0,,,,22
4,321,2099-12-31,,,0,,,,22
5,322,2099-12-31,,,0,,,,22
6,323,2099-12-31,,,0,,,,22
7,324,2099-12-31,,,0,,,,22
8,325,2099-12-31,,,0,,,,22
1,326,2099-12-31,,,0,,,,18
2,327,2099-12-31,,,0,,,,18
3,328,2099-12-31,,,0,,,,18
4,329,2099-12-31,,,0,,,,18
5,330,2099-12-31,,,0,,,,18
6,331,2099-12-31,,,0,,,,18
7,332,2099-12-31,,,0,,,,18
8,333,2099-12-31,,,0,,,,18
1,342,2099-12-31,,,0,,,,10
2,343,2099-12-31,,,0,,,,10
2,1765,2099-12-31,,,0,,2013-12-08 20:03:38,2013-12-08 20:03:38,281
3,1768,2099-12-31,,,0,,2013-12-08 20:07:49,2013-12-08 20:07:49,281
102,1770,2099-12-31,,,0,,2013-12-08 20:29:55,2013-12-08 20:29:55,6
102,1771,2099-12-31,,,0,,2013-12-08 20:31:46,2013-12-08 20:31:46,27
2,1830,2099-12-31,,,0,,2013-12-22 19:15:21,2013-12-22 19:15:21,307
5,1834,2099-12-31,,,0,,2013-12-22 19:44:16,2013-12-22 19:44:16,307
3,1852,2099-12-31,,,0,,2014-01-02 21:24:04,2014-01-02 21:24:04,307
5,1863,2099-12-31,,,0,,2014-01-03 15:52:21,2014-01-03 15:52:21,281
1,1864,2099-12-31,,,0,,2014-01-03 15:53:50,2014-01-03 15:53:50,307
4,1866,2099-12-31,,,0,,2014-01-03 16:38:25,2014-01-03 16:38:25,281
4,1881,2099-12-31,,,0,,2014-01-04 20:26:45,2014-01-04 20:26:45,11
4,1882,2099-12-31,,,0,,2014-01-04 20:29:34,2014-01-04 20:29:34,307
1,1901,2099-12-31,,,0,,2014-01-12 11:08:46,2014-01-12 11:08:46,281
6,1921,2099-12-31,,,0,,2014-01-12 16:29:05,2014-01-12 16:29:05,307
7,1922,2099-12-31,,,0,,2014-01-12 17:43:10,2014-01-12 17:43:10,307
8,1941,2099-12-31,,,0,,2014-04-13 01:11:19,2014-04-13 01:11:19,28
161,1943,2099-12-31,,,0,,2014-04-13 01:16:09,2014-04-13 01:16:09,28
1,1961,2099-12-31,,,0,,2014-06-18 20:10:13,2014-06-18 20:10:13,421
2,1962,2099-12-31,,,0,,2014-06-18 20:10:22,2014-06-18 20:10:22,421
3,1963,2099-12-31,,,0,,2014-06-18 20:10:30,2014-06-18 20:10:30,421
4,1964,2099-12-31,,,0,,2014-06-18 20:10:38,2014-06-18 20:10:38,421
141,1781,2000-01-01,,"",0,,2013-12-09 19:53:33,2019-08-05 20:33:27,101
5,1965,2099-12-31,,,0,,2014-06-18 20:10:47,2014-06-18 20:10:47,421
2,1981,2099-12-31,,,0,,2014-06-21 17:55:42,2014-06-21 17:55:42,501
3,1982,2099-12-31,,,0,,2014-06-21 17:55:50,2014-06-21 17:55:50,501
4,1983,2099-12-31,,,0,,2014-06-21 17:55:57,2014-06-21 17:55:57,501
6,1985,2099-12-31,,,0,,2014-06-21 17:56:15,2014-06-21 17:56:15,501
7,1986,2099-12-31,,,0,,2014-06-21 17:56:24,2014-06-21 17:56:24,501
2,2001,2099-12-31,,,0,,2014-06-22 20:37:51,2014-06-22 20:46:08,521
7,2004,2099-12-31,,,0,,2014-06-22 20:38:35,2014-06-22 20:50:17,521
8,2005,2099-12-31,,,0,,2014-06-22 20:38:48,2014-06-22 20:48:28,521
3,2007,2099-12-31,,,0,,2014-06-22 20:51:12,2014-06-22 20:51:12,521
3,2022,2099-12-31,,,0,,2014-06-29 01:26:25,2014-06-29 01:26:25,26
4,2023,2099-12-31,,,0,,2014-06-29 01:26:34,2014-06-29 01:26:34,26
5,2024,2099-12-31,,,0,,2014-06-29 01:26:43,2014-06-29 01:26:43,26
7,2026,2099-12-31,,,0,,2014-06-29 01:27:02,2014-06-29 01:27:02,26
3,2027,2099-12-31,,,0,,2014-06-29 01:32:01,2014-06-29 01:32:01,541
4,2028,2099-12-31,,,0,,2014-06-29 01:32:08,2014-06-29 01:32:08,521
5,2031,2099-12-31,,,0,,2014-06-29 01:32:37,2014-06-29 01:32:37,521
6,2032,2099-12-31,,,0,,2014-06-29 01:32:48,2014-06-29 01:32:48,521
2,2036,2099-12-31,,,0,,2014-06-29 01:35:47,2014-06-29 01:35:47,541
5,2038,2099-12-31,,,0,,2014-06-29 01:36:13,2014-06-29 01:36:13,541
6,2039,2099-12-31,,,0,,2014-06-29 01:36:22,2014-06-29 01:36:22,541
7,2041,2099-12-31,,,0,,2014-06-29 01:36:52,2014-06-29 01:36:52,541
8,2042,2099-12-31,,,0,,2014-06-29 01:37:04,2014-06-29 01:37:04,541
2,2061,2099-12-31,,,0,,2014-06-29 19:18:30,2014-06-29 19:21:34,561
5,2063,2099-12-31,,,0,,2014-06-29 19:18:52,2014-06-29 19:18:52,561
6,2064,2099-12-31,,,0,,2014-06-29 19:19:03,2014-06-29 19:19:03,561
8,2065,2099-12-31,,,0,,2014-06-29 19:19:20,2014-06-29 19:19:20,561
3,2066,2099-12-31,,,0,,2014-06-29 19:20:01,2014-06-29 19:20:01,561
7,2068,2099-12-31,,,0,,2014-06-29 19:22:09,2014-06-29 19:22:09,561
4,2069,2099-12-31,,,0,,2014-06-29 19:25:24,2014-06-29 19:25:24,561
4,2070,2099-12-31,,,0,,2014-06-29 19:25:46,2014-06-29 19:25:46,521
4,2071,2099-12-31,,,0,,2014-06-29 19:27:22,2014-06-29 19:27:22,541
1,2081,2099-12-31,,,0,,2014-07-06 07:35:08,2014-07-06 07:35:08,541
1,2121,2099-12-31,,,0,,2014-07-12 09:34:44,2014-07-12 09:34:44,441
2,2201,2099-12-31,,,0,,2014-07-16 21:23:01,2014-07-16 21:23:01,701
3,2202,2099-12-31,,,0,,2014-07-16 21:23:19,2014-07-16 21:23:19,701
4,2203,2099-12-31,,,0,,2014-07-16 21:23:37,2014-07-16 21:23:37,701
5,2204,2099-12-31,,,0,,2014-07-16 21:23:55,2014-07-16 21:23:55,701
2,2221,2099-12-31,,,0,"127.0.0.1",2014-07-19 11:34:11,2014-07-19 11:34:11,721
3,2222,2099-12-31,,,0,"127.0.0.1",2014-07-19 11:34:30,2014-07-19 11:34:30,721
4,2223,2099-12-31,,,0,"127.0.0.1",2014-07-19 11:34:46,2014-07-19 11:34:46,721
5,2224,2099-12-31,,,0,"127.0.0.1",2014-07-19 11:35:00,2014-07-19 11:35:00,721
1,2225,2099-12-31,,,0,"127.0.0.1",2014-07-19 11:35:19,2014-07-19 11:35:19,721
2,2226,2099-12-31,,,0,"127.0.0.1",2014-07-19 12:11:43,2014-07-19 12:11:43,741
4,2228,2099-12-31,,,0,"127.0.0.1",2014-07-19 12:12:23,2014-07-19 12:12:23,741
1,2230,2099-12-31,,,0,"127.0.0.1",2014-07-19 12:12:55,2014-07-19 12:12:55,741
2,2241,2099-12-31,,,0,"127.0.0.1",2014-08-06 22:56:40,2014-08-06 22:56:40,801
3,2242,2099-12-31,,,0,"127.0.0.1",2014-08-06 22:56:53,2014-08-06 22:56:53,801
4,2243,2099-12-31,,,0,"127.0.0.1",2014-08-06 22:57:15,2014-08-06 22:57:15,801
5,2244,2099-12-31,,,0,"127.0.0.1",2014-08-06 22:57:26,2014-08-06 22:57:26,801
1,2245,2099-12-31,,,0,"127.0.0.1",2014-08-09 13:52:57,2014-08-09 13:52:57,26
1,2246,2099-12-31,,,0,"127.0.0.1",2014-08-09 13:53:14,2014-08-09 13:53:14,801
1,2261,2099-12-31,,,0,"127.0.0.1",2014-08-15 23:07:16,2014-08-15 23:07:16,681
2,2281,2099-12-31,,,0,"127.0.0.1",2014-08-17 10:42:07,2014-08-17 10:42:07,761
3,2282,2099-12-31,,,0,"127.0.0.1",2014-08-17 10:42:20,2014-08-17 10:42:20,761
4,2283,2099-12-31,,,0,"127.0.0.1",2014-08-17 10:42:33,2014-08-17 10:42:33,761
5,2284,2099-12-31,,,0,"127.0.0.1",2014-08-17 10:42:47,2014-08-17 10:42:47,761
1,2285,2099-12-31,,,0,"127.0.0.1",2014-08-17 10:47:36,2014-08-17 10:47:36,761
102,2301,2099-12-31,,,0,"127.0.0.1",2014-08-23 18:41:05,2014-08-23 18:41:05,307
5,2321,2099-12-31,,,0,"127.0.0.1",2014-09-13 11:38:44,2014-09-13 11:38:44,762
4,2322,2099-12-31,,,0,"127.0.0.1",2014-09-13 11:38:44,2014-09-13 11:38:44,762
3,2323,2099-12-31,,,0,"127.0.0.1",2014-09-13 11:38:44,2014-09-13 11:38:44,762
2,2324,2099-12-31,,,0,"127.0.0.1",2014-09-13 11:38:44,2014-09-13 11:38:44,762
1,2325,2099-12-31,,,0,"127.0.0.1",2014-09-13 11:38:44,2014-09-13 11:38:44,762
21,2341,2099-12-31,,,0,"127.0.0.1",2014-10-16 00:03:08,2014-10-16 00:03:08,9
2,2361,2099-12-31,,,0,"127.0.0.1",2014-10-24 18:31:14,2014-10-24 18:31:14,921
4,2363,2099-12-31,,,0,"127.0.0.1",2014-10-24 18:31:42,2014-10-24 18:31:42,921
6,2365,2099-12-31,,,0,"127.0.0.1",2014-10-24 18:32:13,2014-10-24 18:32:13,921
7,2366,2099-12-31,,,0,"127.0.0.1",2014-10-24 18:32:25,2014-10-24 18:32:25,921
1,2367,2099-12-31,,,0,"127.0.0.1",2014-10-24 18:32:42,2014-10-24 18:32:42,921
181,2381,2099-12-31,,,0,"127.0.0.1",2014-11-09 11:07:18,2014-11-09 11:07:18,26
1,2401,2099-12-31,,,0,"127.0.0.1",2014-11-27 20:44:40,2014-11-27 20:44:40,981
2,2402,2099-12-31,,,0,"127.0.0.1",2014-11-27 20:44:51,2014-11-27 20:44:51,981
4,2404,2099-12-31,,,0,"127.0.0.1",2014-11-27 20:45:22,2014-11-27 20:45:22,981
1,2441,2099-12-31,,,0,"127.0.0.1",2015-01-02 18:50:52,2015-01-02 23:18:09,1141
2,2442,2099-12-31,,,0,"127.0.0.1",2015-01-02 18:51:03,2015-01-02 23:18:24,1141
3,2443,2099-12-31,,,0,"127.0.0.1",2015-01-02 18:51:11,2015-01-02 23:18:39,1141
4,2444,2099-12-31,,,0,"127.0.0.1",2015-01-02 18:51:24,2015-01-02 23:18:51,1141
6,2447,2099-12-31,,,0,"127.0.0.1",2015-01-02 18:53:49,2015-01-02 23:17:43,1141
7,2448,2099-12-31,,,0,"127.0.0.1",2015-01-02 18:54:18,2015-01-02 23:19:18,1141
1,2461,2099-12-31,,,0,"127.0.0.1",2015-01-09 14:17:16,2015-01-09 14:17:16,1101
2,2462,2099-12-31,,,0,"127.0.0.1",2015-01-09 14:17:26,2015-01-09 14:17:26,1101
3,2463,2099-12-31,,,0,"127.0.0.1",2015-01-09 14:17:36,2015-01-09 14:17:36,1101
4,2464,2099-12-31,,,0,"127.0.0.1",2015-01-09 14:17:48,2015-01-09 14:17:48,1101
5,2465,2099-12-31,,,0,"127.0.0.1",2015-01-09 14:18:00,2015-01-09 14:18:00,1101
6,2466,2099-12-31,,,0,"127.0.0.1",2015-01-09 14:18:10,2015-01-09 14:18:10,1101
7,2467,2099-12-31,,,0,"127.0.0.1",2015-01-09 14:18:20,2015-01-09 14:18:20,1101
2,2468,2099-12-31,,,0,"127.0.0.1",2015-01-10 11:06:50,2015-01-10 11:06:50,1161
8,2469,2099-12-31,,,0,"127.0.0.1",2015-01-10 11:07:07,2015-01-10 11:07:07,1161
3,2470,2099-12-31,,,0,"127.0.0.1",2015-01-10 11:07:25,2015-01-10 11:07:25,1161
4,2471,2099-12-31,,,0,"127.0.0.1",2015-01-10 11:07:44,2015-01-10 11:07:44,1161
5,2472,2099-12-31,,,0,"127.0.0.1",2015-01-10 11:08:01,2015-01-10 11:08:01,1161
6,2473,2099-12-31,,,0,"127.0.0.1",2015-01-10 11:08:10,2015-01-10 11:08:10,1161
7,2474,2099-12-31,,,0,"127.0.0.1",2015-01-10 11:08:19,2015-01-10 11:08:19,1161
1,2475,2099-12-31,,,0,"127.0.0.1",2015-01-10 11:08:29,2015-01-10 11:08:29,1161
2,2481,2099-12-31,,,0,"127.0.0.1",2015-02-21 10:37:25,2015-02-21 10:37:25,821
6,2485,2099-12-31,,,0,"127.0.0.1",2015-02-21 10:38:10,2015-02-21 10:38:10,26
3,2487,2099-12-31,,,0,"127.0.0.1",2015-02-21 10:39:09,2015-02-21 10:39:09,821
4,2492,2099-12-31,,,0,"127.0.0.1",2015-02-21 10:41:03,2015-02-21 10:41:03,821
5,2493,2099-12-31,,,0,"127.0.0.1",2015-02-21 10:41:24,2015-02-21 10:41:24,821
1,2501,2099-12-31,,,0,"127.0.0.1",2015-03-01 07:13:53,2015-03-01 07:13:53,1245
4,2504,2099-12-31,,,0,"127.0.0.1",2015-03-01 07:14:49,2015-03-01 07:14:49,1245
6,2506,2099-12-31,,,0,"127.0.0.1",2015-03-01 07:15:23,2015-03-01 07:15:23,1245
7,2509,2099-12-31,,,0,"127.0.0.1",2015-03-01 07:16:03,2015-03-01 07:16:03,1245
2,2510,2099-12-31,,,0,"127.0.0.1",2015-03-01 07:16:32,2015-03-01 07:16:32,1245
21,2512,2099-12-31,,,0,"127.0.0.1",2015-03-01 07:17:05,2015-03-01 07:17:05,1245
1,2531,2099-12-31,,,0,"127.0.0.1",2015-04-06 23:45:14,2015-04-06 23:45:14,1281
2,2532,2099-12-31,,,0,"127.0.0.1",2015-04-06 23:45:26,2015-04-06 23:45:26,1281
3,2533,2099-12-31,,,0,"127.0.0.1",2015-04-06 23:45:39,2015-04-06 23:45:39,1281
4,2535,2099-12-31,,,0,"127.0.0.1",2015-04-06 23:45:59,2015-04-06 23:45:59,1281
5,2536,2099-12-31,,,0,"127.0.0.1",2015-04-06 23:46:11,2015-04-06 23:46:11,1281
6,2537,2099-12-31,,,0,"127.0.0.1",2015-04-06 23:46:23,2015-04-06 23:46:23,1281
7,2538,2099-12-31,,,0,"127.0.0.1",2015-04-06 23:46:35,2015-04-06 23:46:35,1281
7,2541,2099-12-31,,,0,"127.0.0.1",2015-04-12 02:51:14,2015-04-12 02:51:14,421
6,2542,2099-12-31,,,0,"127.0.0.1",2015-04-12 02:51:44,2015-04-12 02:51:44,421
7,2543,2099-12-31,,,0,"127.0.0.1",2015-04-12 02:55:17,2015-04-12 02:55:17,1361
2,2601,2099-12-31,,,0,"127.0.0.1",2015-06-01 19:35:38,2015-06-01 19:35:38,1481
1,2602,2099-12-31,,,0,"127.0.0.1",2015-06-01 19:36:00,2015-06-01 19:36:00,1481
3,2604,2099-12-31,,,0,"127.0.0.1",2015-06-01 19:40:20,2015-06-01 19:40:20,1481
2,2621,2099-12-31,,,0,"127.0.0.1",2015-06-06 15:50:14,2015-06-06 15:50:14,1501
3,2622,2099-12-31,,,0,"127.0.0.1",2015-06-06 15:50:30,2015-06-06 15:54:53,1502
4,2623,2099-12-31,,,0,"127.0.0.1",2015-06-06 15:50:48,2015-06-06 15:54:35,1502
5,2624,2099-12-31,,,0,"127.0.0.1",2015-06-06 15:51:05,2015-06-06 15:51:05,1501
7,2625,2099-12-31,,,0,"127.0.0.1",2015-06-06 15:51:19,2015-06-06 15:51:19,1501
6,2626,2099-12-31,,,0,"127.0.0.1",2015-06-06 15:51:33,2015-06-06 15:51:33,1501
2,2627,2099-12-31,,,0,"127.0.0.1",2015-06-06 15:53:05,2015-06-06 15:53:05,1502
5,2628,2099-12-31,,,0,"127.0.0.1",2015-06-06 15:53:16,2015-06-06 15:53:16,1502
7,2629,2099-12-31,,,0,"127.0.0.1",2015-06-06 15:53:28,2015-06-06 15:53:28,1502
6,2630,2099-12-31,,,0,"127.0.0.1",2015-06-06 15:53:46,2015-06-06 15:53:46,1502
3,2631,2099-12-31,,,0,"127.0.0.1",2015-06-06 15:55:51,2015-06-06 15:55:51,1501
1,2641,2099-12-31,,,0,"127.0.0.1",2015-07-09 23:04:01,2015-07-09 23:04:01,1441
2,2642,2099-12-31,,,0,"127.0.0.1",2015-07-09 23:04:29,2015-07-09 23:04:29,1441
3,2643,2099-12-31,,,0,"127.0.0.1",2015-07-09 23:04:39,2015-07-09 23:04:39,1441
4,2644,2099-12-31,,,0,,2015-07-09 23:36:31,2015-07-09 23:36:31,1441
5,2645,2099-12-31,,,0,,2015-07-09 23:36:31,2015-07-09 23:36:31,1441
6,2646,2099-12-31,,,0,,2015-07-09 23:36:31,2015-07-09 23:36:31,1441
7,2647,2099-12-31,,,0,,2015-07-09 23:36:31,2015-07-09 23:36:31,1441
2,2655,2099-12-31,,,0,"127.0.0.1",2015-07-10 22:22:57,2015-07-10 22:22:57,1541
3,2656,2099-12-31,,,0,"127.0.0.1",2015-07-10 22:22:57,2015-07-10 22:22:57,1541
1,2657,2099-12-31,,,0,"127.0.0.1",2015-07-10 22:22:57,2015-07-10 22:22:57,1541
4,2658,2099-12-31,,,0,,2015-07-10 22:22:57,2015-07-10 22:22:57,1541
5,2659,2099-12-31,,,0,,2015-07-10 22:22:57,2015-07-10 22:22:57,1541
6,2660,2099-12-31,,,0,,2015-07-10 22:22:57,2015-07-10 22:22:57,1541
7,2661,2099-12-31,,,0,,2015-07-10 22:22:57,2015-07-10 22:22:57,1541
5,2681,2099-12-31,,,0,"127.0.0.1",2015-07-11 20:35:23,2015-07-11 20:35:23,1001
2,2701,2099-12-31,,,0,"127.0.0.1",2015-07-20 22:50:06,2015-07-20 22:50:06,20
3,2702,2099-12-31,,,0,"127.0.0.1",2015-07-20 22:50:44,2015-07-20 22:50:44,1562
2,2703,2099-12-31,,,0,"127.0.0.1",2015-07-20 22:52:47,2015-07-20 22:52:47,1562
7,2721,2099-12-31,,,0,,2015-07-22 22:01:17,2015-07-22 22:01:17,1563
6,2722,2099-12-31,,,0,,2015-07-22 22:01:17,2015-07-22 22:01:17,1563
5,2723,2099-12-31,,,0,,2015-07-22 22:01:17,2015-07-22 22:01:17,1563
4,2724,2099-12-31,,,0,,2015-07-22 22:01:18,2015-07-22 22:01:18,1563
1,2725,2099-12-31,,,0,"127.0.0.1",2015-07-22 22:01:18,2015-07-22 22:01:18,1563
3,2726,2099-12-31,,,0,"127.0.0.1",2015-07-22 22:01:18,2015-07-22 22:01:18,1563
2,2727,2099-12-31,,,0,"127.0.0.1",2015-07-22 22:01:18,2015-07-22 22:01:18,1563
5,2741,2099-12-31,,,0,"127.0.0.1",2015-07-26 19:00:16,2015-07-26 19:00:16,1562
3,2762,2099-12-31,,,0,"127.0.0.1",2015-08-02 23:06:27,2015-08-02 23:06:27,1561
2,2764,2099-12-31,,,0,"127.0.0.1",2015-08-02 23:08:35,2015-08-02 23:08:35,1561
2,2781,2099-12-31,,,0,"127.0.0.1",2015-09-12 07:42:12,2015-09-12 07:42:12,1361
3,2782,2099-12-31,,,0,"127.0.0.1",2015-09-12 07:43:03,2015-09-12 07:43:03,1361
1,2809,2099-12-31,,,0,"127.0.0.1",2015-09-21 15:49:10,2015-09-21 15:49:10,1661
2,2810,2099-12-31,,,0,"127.0.0.1",2015-09-21 15:49:11,2015-09-21 15:49:11,1661
3,2811,2099-12-31,,,0,"127.0.0.1",2015-09-21 15:49:11,2015-09-21 15:49:11,1661
4,2812,2099-12-31,,,0,"127.0.0.1",2015-09-21 15:49:11,2015-09-21 15:49:11,1661
5,2813,2099-12-31,,,0,"127.0.0.1",2015-09-21 15:49:11,2015-09-21 15:49:11,1661
2,2821,2099-12-31,,,0,"127.0.0.1",2015-10-09 11:14:41,2015-10-09 11:14:41,1701
2,2841,2099-12-31,,,0,"127.0.0.1",2015-10-12 20:42:00,2015-10-12 20:42:00,26
2,2842,2099-12-31,,,0,"127.0.0.1",2015-10-12 20:42:31,2015-10-12 20:42:31,1721
6,2843,2099-12-31,,,0,"127.0.0.1",2015-10-12 20:42:59,2015-10-12 20:42:59,1721
7,2844,2099-12-31,,,0,"127.0.0.1",2015-10-12 20:43:14,2015-10-12 20:43:14,1721
5,2845,2099-12-31,,,0,"127.0.0.1",2015-10-12 20:43:47,2015-10-12 20:43:47,1721
1,2861,2099-12-31,,,0,,2015-10-18 23:39:12,2015-10-18 23:39:12,1761
2,2862,2099-12-31,,,0,,2015-10-18 23:39:13,2015-10-18 23:39:13,1761
3,2863,2099-12-31,,,0,,2015-10-18 23:39:13,2015-10-18 23:39:13,1761
5,2864,2099-12-31,,,0,,2015-10-18 23:39:13,2015-10-18 23:39:13,1761
6,2865,2099-12-31,,,0,,2015-10-18 23:39:13,2015-10-18 23:39:13,1761
7,2866,2099-12-31,,,0,,2015-10-18 23:39:13,2015-10-18 23:39:13,1761
1,2881,2099-12-31,,,0,"127.0.0.1",2015-11-13 23:09:24,2015-11-13 23:09:24,1121
2,2901,2099-12-31,,,0,"127.0.0.1",2015-11-22 23:28:43,2015-11-22 23:31:13,1801
1,2902,2099-12-31,,,0,"127.0.0.1",2015-11-22 23:29:08,2015-11-22 23:29:08,1801
7,2903,2099-12-31,,,0,"127.0.0.1",2015-11-22 23:29:30,2015-11-22 23:29:30,1801
5,2904,2099-12-31,,,0,"127.0.0.1",2015-11-22 23:29:46,2015-11-22 23:29:46,1801
4,2905,2099-12-31,,,0,"127.0.0.1",2015-11-22 23:30:02,2015-11-22 23:30:02,1801
5,2921,2099-12-31,,,0,"127.0.0.1",2015-11-28 20:26:09,2015-11-28 20:26:09,1802
3,2922,2099-12-31,,,0,"127.0.0.1",2015-11-28 20:26:22,2015-11-28 20:26:22,1802
2,2923,2099-12-31,,,0,"127.0.0.1",2015-11-28 20:26:40,2015-11-28 20:26:40,1802
3,2941,2099-12-31,,,0,"127.0.0.1",2015-12-08 23:37:44,2015-12-08 23:37:44,741
1,2961,2099-12-31,,,0,"127.0.0.1",2016-01-30 15:15:26,2016-01-30 15:15:26,1944
1,2962,2099-12-31,,,0,"127.0.0.1",2016-01-30 15:15:36,2016-01-30 15:15:36,1942
1,3041,2099-12-31,,,0,,2017-03-17 20:31:11,2017-03-17 20:31:11,2301
2,3042,2099-12-31,,,0,,2017-03-17 20:31:12,2017-03-17 20:31:12,2301
3,3043,2099-12-31,,,0,,2017-03-17 20:31:12,2017-03-17 20:31:12,2301
5,3044,2099-12-31,,,0,,2017-03-17 20:31:12,2017-03-17 20:31:12,2301
6,3045,2099-12-31,,,0,,2017-03-17 20:31:12,2017-03-17 20:31:12,2301
7,3046,2099-12-31,,,0,,2017-03-17 20:31:12,2017-03-17 20:31:12,2301
2,3061,2099-12-31,,,0,"127.0.0.1",2017-04-18 20:39:11,2017-04-18 20:43:32,2341
5,3081,2099-12-31,,,0,"127.0.0.1",2017-05-03 15:54:00,2017-05-03 15:54:00,10
5,3082,2099-12-31,,,0,"127.0.0.1",2017-05-03 15:56:11,2017-05-03 15:56:11,1561
1,3101,2099-12-31,,,0,"127.0.0.1",2017-05-21 21:05:07,2017-05-21 21:05:07,701
1,3121,2099-12-31,,,0,"127.0.0.1",2017-06-03 14:37:21,2017-06-03 14:37:21,2095
4,3122,2099-12-31,,,0,"127.0.0.1",2017-06-03 14:37:50,2017-06-03 14:37:50,2095
121,3141,2099-12-31,セレクトされた項目のみのviewを作成。,,0,"127.0.0.1",2017-06-25 16:58:44,2017-06-25 16:58:44,28
3,3161,2099-12-31,,,0,"127.0.0.1",2017-08-11 09:58:51,2017-08-11 09:58:51,881
1,3162,2099-12-31,,,0,"127.0.0.1",2017-08-11 09:59:08,2017-08-11 09:59:08,881
102,7,2099-12-31,inlinetest,test,0,"192.168.2.0",2019-01-01 00:00:00,2019-01-01 00:00:00,18
104,120,2099-12-31,,,0,,,2020-01-01 15:07:35,26
104,336,2099-12-31,,,0,,,2020-01-01 15:30:40,22
104,65,2099-12-31,,,0,,,2020-01-01 15:30:40,25
104,168,2099-12-31,,,0,,,2020-01-01 15:30:40,20
104,112,2099-12-31,,,0,,,2020-01-01 15:30:40,35
104,216,2099-12-31,,,0,,,2020-01-01 15:30:40,31
104,192,2099-12-31,,,0,,,2020-01-01 15:30:40,101
104,89,2099-12-31,,,0,,,2020-01-01 15:30:40,242
104,10,2099-12-31,,,0,,,,17
10,3163,2099-12-31,,,0,,,,27
102,3000,2099-12-31,"","",0,"",2019-07-02 00:00:00,2019-07-02 00:00:00,1609
102,10001,2099-12-31,"","",0,"",2019-07-02 00:00:00,2019-07-02 00:00:00,242
102,10002,2099-12-31,"","",0,"",2019-07-03 00:00:00,2019-07-03 00:00:00,17
104,10003,2099-12-31,"","",0,"",2019-07-03 00:00:00,2019-07-03 00:00:00,27
104,10004,2099-12-31,"","",0,"",2019-07-05 00:00:00,2019-07-05 00:00:00,19
102,10005,2099-12-31,"","",0,"",2019-07-05 00:00:00,2019-07-05 00:00:00,19
104,10006,2099-12-31,"","",0,"",2019-07-07 00:00:00,2019-07-07 00:00:00,5
102,10007,2099-12-31,"","",0,"",2019-07-07 00:00:00,2019-07-07 00:00:00,5
121,10008,2099-12-31,"","",0,"",2019-07-07 00:00:00,2019-07-07 00:00:00,307
104,10010,2099-12-31,"","",0,"",2019-07-10 00:00:00,2019-07-10 00:00:00,28
104,10011,2099-12-31,"","",0,"",2019-07-10 00:00:00,2019-07-10 00:00:00,21
104,10012,2099-12-31,"","",0,"",2019-07-10 00:00:00,2019-07-10 00:00:00,61
102,10013,2099-12-31,"","",0,"",2019-07-11 00:00:00,2019-07-11 00:00:00,61
102,10014,2099-12-31,"","",0,"",2019-07-13 00:00:00,2019-07-13 00:00:00,22
121,10016,2099-12-31,"","",0,"",2019-07-13 00:00:00,2019-07-13 00:00:00,101
102,10019,2099-12-31,"","",0,"",2019-07-23 00:00:00,2019-07-23 00:00:00,164
104,10020,2099-12-31,"","",0,"",2019-07-23 00:00:00,2019-07-23 00:00:00,164
21,10021,2099-12-31,"","",0,"",2019-07-27 00:00:00,2019-07-27 00:00:00,164
121,93,2000-01-01,,,0,,,2019-07-31 00:00:00,101
102,10022,2099-12-31,"","",0,"",2019-07-31 00:00:00,2019-07-31 00:00:00,101
102,10023,2099-12-31,"","",0,"",2019-08-01 00:00:00,2019-08-01 00:00:00,21
102,3004,2099-12-31,test,"",0,"",2019-07-02 00:00:00,2019-08-01 00:00:00,1609
10000,10025,2099-12-31,"","",0,"",2019-08-06 17:54:01,2019-08-06 17:54:01,281
102,10026,2099-12-31,"","",0,"",2019-08-07 00:19:56,2019-08-07 00:19:56,281
104,10027,2099-12-31,"","",0,"",2019-08-10 10:14:48,2019-08-10 10:14:48,1641
102,10028,2099-12-31,"","",0,"",2019-08-10 10:24:57,2019-08-10 10:25:29,1641
102,10029,2099-12-31,"","",0,"",2019-08-10 20:41:27,2019-08-10 20:41:27,3
104,10030,2099-12-31,"","",0,"",2019-08-10 20:41:28,2019-08-10 20:41:28,3
104,10032,2099-12-31,"","",0,"",2019-08-24 02:25:20,2019-08-24 02:25:20,961
102,10033,2099-12-31,"","",0,"",2019-08-24 02:26:00,2019-08-24 02:26:00,961
102,10035,2099-12-31,"","",0,"",2019-10-27 14:14:39,2019-10-27 14:14:39,25
102,10038,2099-12-31,"","",0,"",2019-11-01 23:23:42,2019-11-01 23:23:42,2423
6,10046,2099-12-31,"","",0,"",2019-11-02 00:09:14,2019-11-02 00:09:14,2423
7,10050,2099-12-31,"","",0,"",2019-11-02 11:52:05,2019-11-02 11:52:05,2423
104,10040,2099-12-31,"","",0,"",2019-11-01 23:25:57,2019-11-02 12:22:57,2423
6,10051,2099-12-31,"","",0,"",2019-11-02 16:02:38,2019-11-02 16:02:38,1841
7,10052,2099-12-31,"","",0,"",2019-11-02 16:02:40,2019-11-02 16:02:40,1841
104,10053,2099-12-31,"","",0,"",2019-11-02 16:02:41,2019-11-02 16:02:41,1841
102,10054,2099-12-31,"","",0,"",2019-11-02 16:02:42,2019-11-02 16:02:42,1841
102,10055,2099-12-31,"","",0,"",2019-11-08 18:37:51,2019-11-08 18:37:51,13
102,10056,2099-12-31,"","",0,"",2019-11-09 00:29:42,2019-11-09 00:29:42,1501
102,10057,2099-12-31,"","",0,"",2019-11-11 15:22:34,2019-11-11 15:22:34,761
102,10024,2000-01-01,"","",0,"",2019-08-01 00:00:00,2019-11-11 15:30:37,21
104,10058,2099-12-31,"","",0,"",2019-12-09 11:07:24,2019-12-09 11:07:24,1001
102,10059,2099-12-31,"","",0,"",2019-12-09 11:07:26,2019-12-09 11:07:26,1001
102,10060,2099-12-31,"","",0,"",2019-12-12 16:47:08,2019-12-12 16:47:08,1201
104,10061,2099-12-31,"","",0,"",2019-12-12 16:47:38,2019-12-12 16:47:38,1201
104,1998,2099-12-31,,,0,,,2020-01-01 15:30:40,501
102,2858,2099-12-31,,,0,,,2020-01-01 15:07:26,26
104,2827,2099-12-31,,,0,,,2020-01-01 16:35:09,1661
104,344,2099-12-31,,,0,,,2020-01-01 15:30:40,18
104,2018,2099-12-31,,,0,,,2020-01-01 15:30:40,521
104,360,2099-12-31,,,0,,,2020-01-01 15:30:40,10
104,1847,2099-12-31,,,0,,,2020-01-01 15:30:40,307
102,2718,2099-12-31,,,0,,,2020-01-01 15:30:40,20
104,2218,2099-12-31,,,0,,,2020-01-01 15:30:40,701
104,2238,2099-12-31,,,0,,,2020-01-01 15:30:40,721
104,2298,2099-12-31,,,0,,,2020-01-01 15:30:40,761
104,2498,2099-12-31,,,0,,,2020-01-01 15:30:40,821
104,2378,2099-12-31,,,0,,,2020-01-01 15:30:40,921
104,2419,2099-12-31,,,0,,,2020-01-01 15:30:40,981
104,2479,2099-12-31,,,0,,,2020-01-01 15:30:40,1101
104,2459,2099-12-31,,,0,,,2020-01-01 15:30:40,1141
104,2527,2099-12-31,,,0,,,2020-01-01 15:30:40,1245
104,2549,2099-12-31,,,0,,,2020-01-01 15:30:40,1281
104,1782,2099-12-31,,,0,,,2020-01-01 15:30:40,281
104,1979,2099-12-31,,,0,,,2020-01-01 15:30:40,421
104,2053,2099-12-31,,,0,,,2020-01-01 15:30:40,541
104,2258,2099-12-31,,,0,,,2020-01-01 15:30:40,801
104,2078,2099-12-31,,,0,,,2020-01-01 15:30:40,561
104,2798,2099-12-31,,,0,,,2020-01-01 15:30:40,1361
104,2638,2099-12-31,,,0,,,2020-01-01 15:30:40,1501
104,2618,2099-12-31,,,0,,,2020-01-01 15:30:40,1481
104,2672,2099-12-31,,,0,,,2020-01-01 15:30:40,1541
104,2720,2099-12-31,,,0,,,2020-01-01 15:30:40,1562
104,2744,2099-12-31,,,0,,,2020-01-01 15:30:40,1563
104,2838,2099-12-31,,,0,,,2020-01-01 15:30:40,1701
104,2859,2099-12-31,,,0,,,2020-01-01 15:30:40,1721
104,2879,2099-12-31,,,0,,,2020-01-01 15:30:40,1761
104,2918,2099-12-31,,,0,,,2020-01-01 15:30:40,1801
104,2940,2099-12-31,,,0,,,2020-01-01 15:30:40,1802
104,3059,2099-12-31,,,0,,,2020-01-01 15:30:40,2301
104,3078,2099-12-31,,,0,,,2020-01-01 15:30:40,2341
104,10062,2099-12-31,"","",0,"",2020-01-09 23:53:20,2020-01-09 23:53:20,2429
102,10063,2099-12-31,"","",0,"",2020-01-09 23:53:22,2020-01-09 23:53:22,2429
104,10064,2099-12-31,"","",0,"",2020-01-12 16:44:50,2020-01-12 16:44:50,1161
102,10065,2099-12-31,"","",0,"",2020-01-12 16:44:51,2020-01-12 16:44:51,1161
102,10066,2099-12-31,"","",0,"",2020-01-13 00:07:27,2020-01-13 00:07:27,1101
104,10067,2099-12-31,"","",0,"",2020-01-23 23:05:12,2020-01-23 23:05:12,1221
102,10068,2099-12-31,"","",0,"",2020-01-23 23:05:13,2020-01-23 23:05:13,1221
6,10069,2099-12-31,"","",0,"",2020-01-23 23:05:14,2020-01-23 23:05:14,1221
7,10070,2099-12-31,"","",0,"",2020-01-23 23:05:15,2020-01-23 23:05:15,1221
102,10071,2099-12-31,"","",0,"",2020-01-24 11:55:12,2020-01-24 11:55:12,11
104,10072,2099-12-31,"","",0,"",2020-01-24 11:55:45,2020-01-24 11:55:45,11
104,10073,2099-12-31,"","",0,"",2020-01-24 12:32:17,2020-01-24 12:32:17,1621
102,10074,2099-12-31,"","",0,"",2020-01-24 12:32:19,2020-01-24 12:32:19,1621
6,10075,2099-12-31,"","",0,"",2020-01-24 12:32:20,2020-01-24 12:32:20,1621
7,10076,2099-12-31,"","",0,"",2020-01-24 12:32:22,2020-01-24 12:32:22,1621
102,10077,2099-12-31,"","",0,"",2020-02-02 17:22:02,2020-02-02 17:22:02,1521
104,10078,2099-12-31,"","",0,"",2020-02-02 17:22:03,2020-02-02 17:22:03,1521
7,10079,2099-12-31,"","",0,"",2020-02-02 17:22:04,2020-02-02 17:22:04,1521
6,10080,2099-12-31,"","",0,"",2020-02-02 17:22:05,2020-02-02 17:22:05,1521
102,10081,2099-12-31,"","",0,"",2020-02-14 23:06:16,2020-02-14 23:06:16,10
102,10082,2099-12-31,"","",0,"",2020-03-11 15:11:35,2020-03-11 15:11:35,35
102,10083,2099-12-31,"","",0,"",2020-04-01 21:02:54,2020-04-01 21:02:54,34
104,10084,2099-12-31,"","",0,"",2020-04-01 21:02:56,2020-04-01 21:02:56,34
102,10085,2099-12-31,"","",0,"",2020-04-13 14:45:46,2020-04-13 14:45:46,721
7,10086,2099-12-31,"","",0,"",2020-04-18 20:16:28,2020-04-18 20:16:28,961
6,10087,2099-12-31,"","",0,"",2020-04-18 20:16:29,2020-04-18 20:16:29,961
102,10088,2099-12-31,"","",0,"",2020-04-28 18:07:10,2020-04-28 18:07:10,2437
104,10089,2099-12-31,"","",0,"",2020-04-28 18:07:15,2020-04-28 18:07:15,2437
102,10090,2099-12-31,"","",0,"",2020-05-22 11:32:12,2020-05-22 11:32:12,1581
104,10091,2099-12-31,"","",0,"",2020-05-22 11:32:14,2020-05-22 11:32:14,1581
