"ID","POBJECTS_ID","USRGRPS_ID","NAME","REMARK","PERSONS_ID_UPD","UPDATE_IP","CREATED_AT","EXPIREDATE","UPDATED_AT"
161,285,0,"単位マスタ",,0,0,2013/06/30 17:09:08,2099/12/31,2013/06/30 17:09:08,
181,1144,0,"品目",,0,0,2013/07/06 18:02:24,2099/12/31,2013/07/06 18:02:24,
201,3517,0,"品目マスタ(ガント付)","xxxxxxxxxxxxx",0,0,2013/07/13 15:16:42,2099/12/31,2013/11/02 16:42:46,
221,1871,0,"画面定義一覧",,0,0,2013/07/14 22:02:38,2099/12/31,2013/11/17 10:38:17,
222,1872,0,"オブジェクト名一覧",,0,0,2013/07/15 18:43:55,2099/12/31,2014/01/12 10:46:19.623,
223,1851,0,"テーブル一覧",,0,0,2013/07/15 19:30:18,2099/12/31,2014/01/12 10:45:35.949,
224,1865,0,"子画面一覧",,0,0,2013/07/15 19:35:43,2099/12/31,2014/01/12 10:46:01.701,
225,1870,0,"フィールド一覧",,0,0,2013/07/15 19:42:41,2099/12/31,2014/01/12 10:44:50.663,
226,1863,0,"オブジェクト一覧",,0,0,2013/07/15 19:53:45,2099/12/31,2014/01/12 10:46:38.472,
227,8342,0,"受注",,0,0,2013/07/15 20:01:38,2099/12/31,2015/01/04 16:25:11.831,
228,1856,0,"顧客一覧",,0,0,2013/07/15 20:36:48,2099/12/31,2014/01/12 11:00:34.965,
229,1850,0,"画面項目一覧",,0,0,2013/07/15 20:44:05,2099/12/31,2013/07/15 20:44:05,
230,1160,0,"顧客テーブル",,0,0,2013/07/15 20:55:11,2099/12/31,2014/01/12 11:00:06.105,
241,1154,0,"単位 view",,0,0,2013/11/16 21:30:36,2099/12/31,2013/11/16 21:30:36,
261,1246,0,"必須項目",,0,0,2013/12/14 1:05:45,2099/12/31,2013/12/14 1:05:45,
281,3718,0,"検索項目",,0,0,2013/12/21 16:11:19,2099/12/31,2013/12/21 16:11:19,
303,1237,0,"textarea幅",,0,0,2014/01/11 20:57:13.158,2099/12/31,2014/01/11 20:57:13.158,
304,1240,0,"textarea高さ",,0,0,2014/01/11 20:59:37.881,2099/12/31,2014/01/11 20:59:37.881,
321,4465,0,"テーブル項目一覧view",,0,0,2014/01/12 10:47:43.616,2099/12/31,2014/01/12 10:57:53.344,
325,4466,0,"テーブル項目一覧",,0,0,2014/01/12 11:25:08.328,2099/12/31,2014/01/12 11:25:08.328,
341,1242,0,"selectの時の選択値リスト",,0,0,2014/06/29 0:09:26.914,2099/12/31,2014/06/29 0:09:26.914,
361,6249,0,"作業期間",,0,0,2014/07/06 20:59:20.939,2099/12/31,2014/07/06 20:59:20.939,
381,3507,0,"LT",,0,0,2014/07/06 21:23:29.815,2099/12/31,2014/07/06 21:23:29.815,
441,1256,0,"表示順",,0,0,2014/07/12 2:36:29.951,2099/12/31,2014/07/13 11:29:37.620,
442,1255,0,"選択有無",,0,0,2014/07/12 2:38:45.755,2099/12/31,2014/07/13 11:29:16.897,
443,1244,0,"表示無",,0,0,2014/07/12 2:39:44.273,2099/12/31,2014/07/12 10:32:18.667,
461,890,0,"作業優先順位",,0,0,2014/07/12 10:20:37.021,2099/12/31,2014/07/12 10:22:39.763,
462,881,0,"作業順序",,0,0,2014/07/12 10:21:31.286,2099/12/31,2014/07/12 10:21:31.286,
481,7422,0,"処理順序",,0,0,2014/09/29 22:09:49.161,2099/12/31,2014/09/29 22:09:49.161,
501,3725,0,"フォーム表示　修正可否",,0,0,2014/10/26 18:32:45.693,2099/12/31,2014/10/28 1:31:16.631,
521,1253,0,"縦の位置",,0,0,2014/10/26 19:57:48.091,2099/12/31,2014/10/26 19:57:48.091,
522,1231,0,"横の位置",,0,0,2014/10/26 21:44:22.510,2099/12/31,2014/10/26 21:44:22.510,
541,8441,0,"オーダ作成",,0,0,2014/11/02 0:51:58.703,2099/12/31,2014/11/02 0:51:58.703,
561,9023,0,"未処理",,0,0,2014/11/02 1:44:27.562,2099/12/31,2014/11/02 1:44:27.562,
562,9021,0,"正常終了",,0,0,2014/11/02 1:45:00.796,2099/12/31,2014/11/02 1:45:00.796,
563,9022,0,"異常終了",,0,0,2014/11/02 1:45:54.896,2099/12/31,2014/11/02 1:45:54.896,
564,9024,0,"作業待",,0,0,2014/11/02 1:46:22.605,2099/12/31,2014/11/02 1:46:22.605,
581,9743,0,"受入",,0,0,2015/01/04 16:25:56.624,2099/12/31,2015/01/04 16:25:56.624,
601,1862,0,"発注",,0,0,2015/08/16 17:53:47,2099/12/31,2015/08/16 17:53:47,
621,13886,0,"出庫オーダ作成",,0,0,2015/10/23 22:01:11,2099/12/31,2015/10/23 22:01:11,
641,14849,0,"即実行",,0,0,2015/12/09 19:59:27,2099/12/31,2015/12/09 19:59:27,
661,7018,0,"実行日",,0,0,2016/10/02 9:54:21,2099/12/31,2016/10/02 9:54:21,
681,12719,0,"発注回答数量",,0,0,2016/10/29 16:49:16,2099/12/31,2016/10/29 16:49:16,
701,7023,0,"オーダー自動作成有無",,0,0,2017/08/11 8:42:31,2099/12/31,2017/08/11 8:42:31,
